-- phpMyAdmin SQL Dump
-- version 4.8.4
-- https://www.phpmyadmin.net/
--
-- Host: 127.0.0.1:3306
-- Generation Time: Jun 17, 2020 at 06:58 AM
-- Server version: 5.7.24
-- PHP Version: 7.2.14

SET SQL_MODE = "NO_AUTO_VALUE_ON_ZERO";
SET AUTOCOMMIT = 0;
START TRANSACTION;
SET time_zone = "+00:00";


/*!40101 SET @OLD_CHARACTER_SET_CLIENT=@@CHARACTER_SET_CLIENT */;
/*!40101 SET @OLD_CHARACTER_SET_RESULTS=@@CHARACTER_SET_RESULTS */;
/*!40101 SET @OLD_COLLATION_CONNECTION=@@COLLATION_CONNECTION */;
/*!40101 SET NAMES utf8mb4 */;

--
-- Database: `auratech_lavilla-test-db`
--

-- --------------------------------------------------------

--
-- Table structure for table `addons`
--

DROP TABLE IF EXISTS `addons`;
CREATE TABLE IF NOT EXISTS `addons` (
  `id` int(11) NOT NULL AUTO_INCREMENT,
  `name` text NOT NULL,
  `nameAr` text,
  `description` text NOT NULL,
  `descriptionAr` text,
  `image` text NOT NULL,
  `multiple` tinyint(1) NOT NULL,
  `price` float NOT NULL,
  `createdAt` datetime NOT NULL,
  `updatedAt` datetime DEFAULT NULL,
  `roomId` int(11) DEFAULT NULL,
  PRIMARY KEY (`id`),
  KEY `roomId` (`roomId`)
) ENGINE=InnoDB DEFAULT CHARSET=utf8;

-- --------------------------------------------------------

--
-- Table structure for table `amenities`
--

DROP TABLE IF EXISTS `amenities`;
CREATE TABLE IF NOT EXISTS `amenities` (
  `id` int(11) NOT NULL AUTO_INCREMENT,
  `name` text NOT NULL,
  `nameAr` text,
  `iconName` varchar(255) NOT NULL,
  `featured` tinyint(1) DEFAULT '0',
  `createdAt` datetime NOT NULL,
  `updatedAt` datetime DEFAULT NULL,
  `amenitiesTypeId` int(11) DEFAULT NULL,
  `amenitiesIconId` int(11) DEFAULT NULL,
  PRIMARY KEY (`id`),
  KEY `amenitiesTypeId` (`amenitiesTypeId`),
  KEY `amenitiesIconId` (`amenitiesIconId`)
) ENGINE=InnoDB AUTO_INCREMENT=46 DEFAULT CHARSET=utf8;

--
-- Dumping data for table `amenities`
--

INSERT INTO `amenities` (`id`, `name`, `nameAr`, `iconName`, `featured`, `createdAt`, `updatedAt`, `amenitiesTypeId`, `amenitiesIconId`) VALUES
(1, 'Telephone', NULL, 'phone', 0, '2020-01-01 10:43:41', '2020-01-22 07:08:38', 1, 620),
(2, 'Air conditioning', 'تكييف', 'snowflake', 1, '2020-01-02 07:18:25', '2020-02-08 09:43:47', 1, 751),
(3, 'Flat-screen TV ', 'تلفاز بشاشة مسطحة', 'tv', 1, '2020-01-02 07:18:37', '2020-02-08 09:44:59', 1, 882),
(4, ' Minibar', NULL, 'glass-cheers', 0, '2020-01-02 07:18:48', '2020-01-22 06:40:06', 1, 371),
(5, 'Free WiFi', 'واى فاى مجانى', 'wifi', 1, '2020-01-02 07:18:57', '2020-02-08 09:45:09', 1, 947),
(6, ' Free toiletries  Toilet', NULL, 'toilet', 0, '2020-01-02 07:19:10', '2020-01-22 06:39:40', 1, 855),
(7, 'Bath or Shower  Towels', 'مناشف الحمام أو الاستحمام', 'bath', 1, '2020-01-02 07:19:20', '2020-02-08 09:43:56', 1, 63),
(8, 'laundry ', 'كتان', 'tshirt', 1, '2020-01-02 07:19:32', '2020-06-11 07:50:10', 1, 880),
(9, ' Socket near the bed', 'المقبس بالقرب من السرير', 'plug', 1, '2020-01-02 07:19:48', '2020-02-08 09:43:35', 1, 636),
(10, ' Tile/Marble floor  Desk', NULL, 'border-all', 0, '2020-01-02 07:20:00', '2020-01-22 06:40:31', 1, 95),
(11, 'Ensuite bathroom', NULL, 'shower', 0, '2020-01-02 07:20:11', '2020-01-22 07:09:19', 1, 725),
(12, 'Ironing Facilities', 'مرافق الكي', 'location-arrow', 1, '2020-01-06 09:02:19', '2020-02-08 09:45:23', 1, 516),
(13, 'TV  Refrigerator', NULL, 'tv', 0, '2020-01-10 11:07:10', '2020-01-22 07:09:36', 1, 882),
(14, ' Additional Toilet', NULL, 'toilet', 0, '2020-01-20 11:22:24', '2020-01-22 07:09:44', 1, 855),
(15, ' Towels/Sheets (extra fee)', NULL, 'stroopwafel', 0, '2020-01-20 11:23:39', '2020-01-22 07:09:53', 1, 800),
(16, ' Wake Up Service/Alarm Clock', 'استيقظ الخدمة / المنبه', 'bell', 1, '2020-01-20 11:24:44', '2020-02-08 09:46:27', 1, 71),
(17, ' Electric kettle', NULL, 'bolt', 0, '2020-01-20 11:25:36', '2020-01-22 07:10:13', 1, 85),
(18, ' Wake-up service', NULL, 'bed', 0, '2020-01-20 11:26:00', '2020-01-22 07:10:21', 1, 69),
(19, ' Wardrobe or closet', NULL, 'toilet', 0, '2020-01-20 11:26:26', '2020-01-22 07:10:31', 1, 855),
(20, ' Upper floors accessible by elevator', NULL, 'building', 0, '2020-01-20 11:27:40', '2020-01-22 07:10:39', 1, 111),
(21, ' Toilet paper', NULL, 'toilet-paper', 0, '2020-01-20 11:27:57', '2020-01-22 07:11:01', 1, 856),
(22, 'Full Kitchen ', NULL, 'coffee', 0, '2020-01-20 11:29:02', '2020-01-22 07:11:09', 1, 206),
(23, 'Dining Table ', 'طاولة الطعام', 'ethernet', 1, '2020-01-20 11:29:54', '2020-02-08 09:44:48', 1, 291),
(24, 'Dedicated Parking Space', NULL, 'car', 0, '2020-01-22 07:12:26', '2020-01-25 12:20:06', 2, 133),
(25, 'Cleaning', NULL, 'water', 0, '2020-01-22 07:13:14', '2020-01-22 07:13:14', 2, 942),
(26, 'General Maintenance', NULL, 'briefcase', 0, '2020-01-22 07:13:46', '2020-01-22 07:13:46', 2, 105),
(27, 'Split A/C', NULL, 'snowflake', 0, '2020-01-22 07:14:16', '2020-01-22 07:14:16', 2, 751),
(28, '24x 7 Security', NULL, 'lock', 0, '2020-01-22 07:14:48', '2020-01-22 07:14:48', 2, 517),
(29, ' Lift Facility', NULL, 'chevron-up', 0, '2020-01-22 07:15:21', '2020-01-22 07:15:21', 2, 180),
(30, 'Water', NULL, 'water', 0, '2020-01-22 07:17:05', '2020-01-22 07:17:05', 2, 942),
(31, 'Electricity', NULL, 'bolt', 0, '2020-01-22 07:17:19', '2020-01-22 07:17:19', 2, 85),
(32, 'Wifi', NULL, 'wifi', 0, '2020-01-22 07:17:39', '2020-01-22 07:17:39', 2, 947),
(33, ' Central A/c ', 'التكييف المركزي', 'snowflake', 0, '2020-01-22 07:17:58', '2020-02-20 07:30:26', 2, 751),
(34, 'Multi Satellite LCD TV', NULL, 'tv', 0, '2020-01-22 07:19:32', '2020-01-22 07:19:32', 2, 882),
(35, 'Window A/C', NULL, 'snowflake', 0, '2020-01-22 07:19:56', '2020-01-22 07:19:56', 2, 751),
(36, 'Swimming Pool', NULL, 'swimming-pool', 0, '2020-01-22 07:20:26', '2020-01-22 07:20:26', 2, 810),
(37, 'Gym', NULL, 'dumbbell', 0, '2020-01-22 07:22:54', '2020-01-22 07:22:54', 2, 276),
(38, 'BBQ facilities', NULL, 'drumstick-bite', 0, '2020-01-22 07:23:30', '2020-01-22 07:23:30', 2, 275),
(39, 'Built in Wardrobes', NULL, 'warehouse', 0, '2020-01-22 07:24:10', '2020-01-22 07:24:10', 2, 941),
(40, 'Covered Parking', 'مواقف مغطاة للسيارات', 'car-side', 1, '2020-01-22 07:24:34', '2020-02-08 09:44:34', 2, 137),
(41, 'Storage', NULL, 'wallet', 0, '2020-01-22 07:24:57', '2020-01-22 07:24:57', 2, 940),
(42, 'Club house', NULL, 'warehouse', 0, '2020-01-22 07:25:14', '2020-01-22 07:25:14', 2, 941),
(43, 'Transportation', 'وسائل النقل', 'biking', 1, '2020-01-25 12:19:48', '2020-02-08 09:45:53', 2, 76),
(44, 'Visa Service', 'خدمة التأشيرة', 'credit-card', 1, '2020-01-25 12:21:23', '2020-02-08 09:46:10', 1, 229),
(45, 'Business Center', 'مركز أعمال', 'building', 1, '2020-01-25 12:25:47', '2020-02-08 09:44:12', 2, 111);

-- --------------------------------------------------------

--
-- Table structure for table `amenities_icons`
--

DROP TABLE IF EXISTS `amenities_icons`;
CREATE TABLE IF NOT EXISTS `amenities_icons` (
  `id` int(11) NOT NULL AUTO_INCREMENT,
  `name` varchar(255) NOT NULL,
  `value` varchar(255) NOT NULL,
  `createdAt` datetime NOT NULL,
  `updatedAt` datetime DEFAULT NULL,
  PRIMARY KEY (`id`)
) ENGINE=InnoDB AUTO_INCREMENT=961 DEFAULT CHARSET=utf8;

--
-- Dumping data for table `amenities_icons`
--

INSERT INTO `amenities_icons` (`id`, `name`, `value`, `createdAt`, `updatedAt`) VALUES
(1, 'ad', '&#xf641;  ad', '2020-02-07 10:28:17', '2020-02-07 10:28:17'),
(2, 'address-book', '&#xf2b9;  address-book', '2020-02-07 10:28:17', '2020-02-07 10:28:17'),
(3, 'address-card', '&#xf2bb;  address-card', '2020-02-07 10:28:17', '2020-02-07 10:28:17'),
(4, 'adjust', '&#xf042;  adjust', '2020-02-07 10:28:17', '2020-02-07 10:28:17'),
(5, 'air-freshener', '&#xf5d0;  air-freshener', '2020-02-07 10:28:17', '2020-02-07 10:28:17'),
(6, 'align-center', '&#xf037;  align-center', '2020-02-07 10:28:17', '2020-02-07 10:28:17'),
(7, 'align-justify', '&#xf039;  align-justify', '2020-02-07 10:28:17', '2020-02-07 10:28:17'),
(8, 'align-left', '&#xf036;  align-left', '2020-02-07 10:28:17', '2020-02-07 10:28:17'),
(9, 'align-right', '&#xf038;  align-right', '2020-02-07 10:28:17', '2020-02-07 10:28:17'),
(10, 'allergies', '&#xf461;  allergies', '2020-02-07 10:28:17', '2020-02-07 10:28:17'),
(11, 'ambulance', '&#xf0f9;  ambulance', '2020-02-07 10:28:17', '2020-02-07 10:28:17'),
(12, 'american-sign-language-interpreting', '&#xf2a3;  american-sign-language-interpreting', '2020-02-07 10:28:17', '2020-02-07 10:28:17'),
(13, 'anchor', '&#xf13d;  anchor', '2020-02-07 10:28:17', '2020-02-07 10:28:17'),
(14, 'angle-double-down', '&#xf103;  angle-double-down', '2020-02-07 10:28:17', '2020-02-07 10:28:17'),
(15, 'angle-double-left', '&#xf100;  angle-double-left', '2020-02-07 10:28:17', '2020-02-07 10:28:17'),
(16, 'angle-double-right', '&#xf101;  angle-double-right', '2020-02-07 10:28:17', '2020-02-07 10:28:17'),
(17, 'angle-double-up', '&#xf102;  angle-double-up', '2020-02-07 10:28:17', '2020-02-07 10:28:17'),
(18, 'angle-down', '&#xf107;  angle-down', '2020-02-07 10:28:17', '2020-02-07 10:28:17'),
(19, 'angle-left', '&#xf104;  angle-left', '2020-02-07 10:28:17', '2020-02-07 10:28:17'),
(20, 'angle-right', '&#xf105;  angle-right', '2020-02-07 10:28:17', '2020-02-07 10:28:17'),
(21, 'angle-up', '&#xf106;  angle-up', '2020-02-07 10:28:17', '2020-02-07 10:28:17'),
(22, 'angry', '&#xf556;  angry', '2020-02-07 10:28:17', '2020-02-07 10:28:17'),
(23, 'ankh', '&#xf644;  ankh', '2020-02-07 10:28:17', '2020-02-07 10:28:17'),
(24, 'apple-alt', '&#xf5d1;  apple-alt', '2020-02-07 10:28:17', '2020-02-07 10:28:17'),
(25, 'archive', '&#xf187;  archive', '2020-02-07 10:28:17', '2020-02-07 10:28:17'),
(26, 'archway', '&#xf557;  archway', '2020-02-07 10:28:17', '2020-02-07 10:28:17'),
(27, 'arrow-alt-circle-down', '&#xf358;  arrow-alt-circle-down', '2020-02-07 10:28:17', '2020-02-07 10:28:17'),
(28, 'arrow-alt-circle-left', '&#xf359;  arrow-alt-circle-left', '2020-02-07 10:28:17', '2020-02-07 10:28:17'),
(29, 'arrow-alt-circle-right', '&#xf35a;  arrow-alt-circle-right', '2020-02-07 10:28:17', '2020-02-07 10:28:17'),
(30, 'arrow-alt-circle-up', '&#xf35b;  arrow-alt-circle-up', '2020-02-07 10:28:17', '2020-02-07 10:28:17'),
(31, 'arrow-circle-down', '&#xf0ab;  arrow-circle-down', '2020-02-07 10:28:17', '2020-02-07 10:28:17'),
(32, 'arrow-circle-left', '&#xf0a8;  arrow-circle-left', '2020-02-07 10:28:17', '2020-02-07 10:28:17'),
(33, 'arrow-circle-right', '&#xf0a9;  arrow-circle-right', '2020-02-07 10:28:17', '2020-02-07 10:28:17'),
(34, 'arrow-circle-up', '&#xf0aa;  arrow-circle-up', '2020-02-07 10:28:17', '2020-02-07 10:28:17'),
(35, 'arrow-down', '&#xf063;  arrow-down', '2020-02-07 10:28:17', '2020-02-07 10:28:17'),
(36, 'arrow-left', '&#xf060;  arrow-left', '2020-02-07 10:28:17', '2020-02-07 10:28:17'),
(37, 'arrow-right', '&#xf061;  arrow-right', '2020-02-07 10:28:17', '2020-02-07 10:28:17'),
(38, 'arrow-up', '&#xf062;  arrow-up', '2020-02-07 10:28:17', '2020-02-07 10:28:17'),
(39, 'arrows-alt', '&#xf0b2;  arrows-alt', '2020-02-07 10:28:17', '2020-02-07 10:28:17'),
(40, 'arrows-alt-h', '&#xf337;  arrows-alt-h', '2020-02-07 10:28:17', '2020-02-07 10:28:17'),
(41, 'arrows-alt-v', '&#xf338;  arrows-alt-v', '2020-02-07 10:28:17', '2020-02-07 10:28:17'),
(42, 'assistive-listening-systems', '&#xf2a2;  assistive-listening-systems', '2020-02-07 10:28:17', '2020-02-07 10:28:17'),
(43, 'asterisk', '&#xf069;  asterisk', '2020-02-07 10:28:17', '2020-02-07 10:28:17'),
(44, 'at', '&#xf1fa;  at', '2020-02-07 10:28:17', '2020-02-07 10:28:17'),
(45, 'atlas', '&#xf558;  atlas', '2020-02-07 10:28:17', '2020-02-07 10:28:17'),
(46, 'atom', '&#xf5d2;  atom', '2020-02-07 10:28:17', '2020-02-07 10:28:17'),
(47, 'audio-description', '&#xf29e;  audio-description', '2020-02-07 10:28:17', '2020-02-07 10:28:17'),
(48, 'award', '&#xf559;  award', '2020-02-07 10:28:17', '2020-02-07 10:28:17'),
(49, 'baby', '&#xf77c;  baby', '2020-02-07 10:28:17', '2020-02-07 10:28:17'),
(50, 'baby-carriage', '&#xf77d;  baby-carriage', '2020-02-07 10:28:17', '2020-02-07 10:28:17'),
(51, 'backspace', '&#xf55a;  backspace', '2020-02-07 10:28:17', '2020-02-07 10:28:17'),
(52, 'backward', '&#xf04a;  backward', '2020-02-07 10:28:17', '2020-02-07 10:28:17'),
(53, 'bacon', '&#xf7e5;  bacon', '2020-02-07 10:28:17', '2020-02-07 10:28:17'),
(54, 'balance-scale', '&#xf24e;  balance-scale', '2020-02-07 10:28:17', '2020-02-07 10:28:17'),
(55, 'balance-scale-left', '&#xf515;  balance-scale-left', '2020-02-07 10:28:17', '2020-02-07 10:28:17'),
(56, 'balance-scale-right', '&#xf516;  balance-scale-right', '2020-02-07 10:28:17', '2020-02-07 10:28:17'),
(57, 'ban', '&#xf05e;  ban', '2020-02-07 10:28:17', '2020-02-07 10:28:17'),
(58, 'band-aid', '&#xf462;  band-aid', '2020-02-07 10:28:17', '2020-02-07 10:28:17'),
(59, 'barcode', '&#xf02a;  barcode', '2020-02-07 10:28:17', '2020-02-07 10:28:17'),
(60, 'bars', '&#xf0c9;  bars', '2020-02-07 10:28:17', '2020-02-07 10:28:17'),
(61, 'baseball-ball', '&#xf433;  baseball-ball', '2020-02-07 10:28:17', '2020-02-07 10:28:17'),
(62, 'basketball-ball', '&#xf434;  basketball-ball', '2020-02-07 10:28:17', '2020-02-07 10:28:17'),
(63, 'bath', '&#xf2cd;  bath', '2020-02-07 10:28:17', '2020-02-07 10:28:17'),
(64, 'battery-empty', '&#xf244;  battery-empty', '2020-02-07 10:28:17', '2020-02-07 10:28:17'),
(65, 'battery-full', '&#xf240;  battery-full', '2020-02-07 10:28:17', '2020-02-07 10:28:17'),
(66, 'battery-half', '&#xf242;  battery-half', '2020-02-07 10:28:17', '2020-02-07 10:28:17'),
(67, 'battery-quarter', '&#xf243;  battery-quarter', '2020-02-07 10:28:17', '2020-02-07 10:28:17'),
(68, 'battery-three-quarters', '&#xf241;  battery-three-quarters', '2020-02-07 10:28:17', '2020-02-07 10:28:17'),
(69, 'bed', '&#xf236;  bed', '2020-02-07 10:28:17', '2020-02-07 10:28:17'),
(70, 'beer', '&#xf0fc;  beer', '2020-02-07 10:28:17', '2020-02-07 10:28:17'),
(71, 'bell', '&#xf0f3;  bell', '2020-02-07 10:28:17', '2020-02-07 10:28:17'),
(72, 'bell-slash', '&#xf1f6;  bell-slash', '2020-02-07 10:28:17', '2020-02-07 10:28:17'),
(73, 'bezier-curve', '&#xf55b;  bezier-curve', '2020-02-07 10:28:17', '2020-02-07 10:28:17'),
(74, 'bible', '&#xf647;  bible', '2020-02-07 10:28:17', '2020-02-07 10:28:17'),
(75, 'bicycle', '&#xf206;  bicycle', '2020-02-07 10:28:17', '2020-02-07 10:28:17'),
(76, 'biking', '&#xf84a;  biking', '2020-02-07 10:28:17', '2020-02-07 10:28:17'),
(77, 'binoculars', '&#xf1e5;  binoculars', '2020-02-07 10:28:17', '2020-02-07 10:28:17'),
(78, 'biohazard', '&#xf780;  biohazard', '2020-02-07 10:28:17', '2020-02-07 10:28:17'),
(79, 'birthday-cake', '&#xf1fd;  birthday-cake', '2020-02-07 10:28:17', '2020-02-07 10:28:17'),
(80, 'blender', '&#xf517;  blender', '2020-02-07 10:28:17', '2020-02-07 10:28:17'),
(81, 'blender-phone', '&#xf6b6;  blender-phone', '2020-02-07 10:28:17', '2020-02-07 10:28:17'),
(82, 'blind', '&#xf29d;  blind', '2020-02-07 10:28:17', '2020-02-07 10:28:17'),
(83, 'blog', '&#xf781;  blog', '2020-02-07 10:28:17', '2020-02-07 10:28:17'),
(84, 'bold', '&#xf032;  bold', '2020-02-07 10:28:17', '2020-02-07 10:28:17'),
(85, 'bolt', '&#xf0e7;  bolt', '2020-02-07 10:28:17', '2020-02-07 10:28:17'),
(86, 'bomb', '&#xf1e2;  bomb', '2020-02-07 10:28:17', '2020-02-07 10:28:17'),
(87, 'bone', '&#xf5d7;  bone', '2020-02-07 10:28:17', '2020-02-07 10:28:17'),
(88, 'bong', '&#xf55c;  bong', '2020-02-07 10:28:17', '2020-02-07 10:28:17'),
(89, 'book', '&#xf02d;  book', '2020-02-07 10:28:17', '2020-02-07 10:28:17'),
(90, 'book-dead', '&#xf6b7;  book-dead', '2020-02-07 10:28:17', '2020-02-07 10:28:17'),
(91, 'book-medical', '&#xf7e6;  book-medical', '2020-02-07 10:28:17', '2020-02-07 10:28:17'),
(92, 'book-open', '&#xf518;  book-open', '2020-02-07 10:28:17', '2020-02-07 10:28:17'),
(93, 'book-reader', '&#xf5da;  book-reader', '2020-02-07 10:28:17', '2020-02-07 10:28:17'),
(94, 'bookmark', '&#xf02e;  bookmark', '2020-02-07 10:28:17', '2020-02-07 10:28:17'),
(95, 'border-all', '&#xf84c;  border-all', '2020-02-07 10:28:17', '2020-02-07 10:28:17'),
(96, 'border-none', '&#xf850;  border-none', '2020-02-07 10:28:17', '2020-02-07 10:28:17'),
(97, 'border-style', '&#xf853;  border-style', '2020-02-07 10:28:17', '2020-02-07 10:28:17'),
(98, 'bowling-ball', '&#xf436;  bowling-ball', '2020-02-07 10:28:17', '2020-02-07 10:28:17'),
(99, 'box', '&#xf466;  box', '2020-02-07 10:28:17', '2020-02-07 10:28:17'),
(100, 'box-open', '&#xf49e;  box-open', '2020-02-07 10:28:17', '2020-02-07 10:28:17'),
(101, 'boxes', '&#xf468;  boxes', '2020-02-07 10:28:17', '2020-02-07 10:28:17'),
(102, 'braille', '&#xf2a1;  braille', '2020-02-07 10:28:17', '2020-02-07 10:28:17'),
(103, 'brain', '&#xf5dc;  brain', '2020-02-07 10:28:17', '2020-02-07 10:28:17'),
(104, 'bread-slice', '&#xf7ec;  bread-slice', '2020-02-07 10:28:17', '2020-02-07 10:28:17'),
(105, 'briefcase', '&#xf0b1;  briefcase', '2020-02-07 10:28:17', '2020-02-07 10:28:17'),
(106, 'briefcase-medical', '&#xf469;  briefcase-medical', '2020-02-07 10:28:17', '2020-02-07 10:28:17'),
(107, 'broadcast-tower', '&#xf519;  broadcast-tower', '2020-02-07 10:28:17', '2020-02-07 10:28:17'),
(108, 'broom', '&#xf51a;  broom', '2020-02-07 10:28:17', '2020-02-07 10:28:17'),
(109, 'brush', '&#xf55d;  brush', '2020-02-07 10:28:17', '2020-02-07 10:28:17'),
(110, 'bug', '&#xf188;  bug', '2020-02-07 10:28:17', '2020-02-07 10:28:17'),
(111, 'building', '&#xf1ad;  building', '2020-02-07 10:28:17', '2020-02-07 10:28:17'),
(112, 'bullhorn', '&#xf0a1;  bullhorn', '2020-02-07 10:28:17', '2020-02-07 10:28:17'),
(113, 'bullseye', '&#xf140;  bullseye', '2020-02-07 10:28:17', '2020-02-07 10:28:17'),
(114, 'burn', '&#xf46a;  burn', '2020-02-07 10:28:17', '2020-02-07 10:28:17'),
(115, 'bus', '&#xf207;  bus', '2020-02-07 10:28:17', '2020-02-07 10:28:17'),
(116, 'bus-alt', '&#xf55e;  bus-alt', '2020-02-07 10:28:17', '2020-02-07 10:28:17'),
(117, 'business-time', '&#xf64a;  business-time', '2020-02-07 10:28:17', '2020-02-07 10:28:17'),
(118, 'calculator', '&#xf1ec;  calculator', '2020-02-07 10:28:17', '2020-02-07 10:28:17'),
(119, 'calendar', '&#xf133;  calendar', '2020-02-07 10:28:17', '2020-02-07 10:28:17'),
(120, 'calendar-alt', '&#xf073;  calendar-alt', '2020-02-07 10:28:17', '2020-02-07 10:28:17'),
(121, 'calendar-check', '&#xf274;  calendar-check', '2020-02-07 10:28:17', '2020-02-07 10:28:17'),
(122, 'calendar-day', '&#xf783;  calendar-day', '2020-02-07 10:28:17', '2020-02-07 10:28:17'),
(123, 'calendar-minus', '&#xf272;  calendar-minus', '2020-02-07 10:28:17', '2020-02-07 10:28:17'),
(124, 'calendar-plus', '&#xf271;  calendar-plus', '2020-02-07 10:28:17', '2020-02-07 10:28:17'),
(125, 'calendar-times', '&#xf273;  calendar-times', '2020-02-07 10:28:17', '2020-02-07 10:28:17'),
(126, 'calendar-week', '&#xf784;  calendar-week', '2020-02-07 10:28:17', '2020-02-07 10:28:17'),
(127, 'camera', '&#xf030;  camera', '2020-02-07 10:28:17', '2020-02-07 10:28:17'),
(128, 'camera-retro', '&#xf083;  camera-retro', '2020-02-07 10:28:17', '2020-02-07 10:28:17'),
(129, 'campground', '&#xf6bb;  campground', '2020-02-07 10:28:17', '2020-02-07 10:28:17'),
(130, 'candy-cane', '&#xf786;  candy-cane', '2020-02-07 10:28:17', '2020-02-07 10:28:17'),
(131, 'cannabis', '&#xf55f;  cannabis', '2020-02-07 10:28:17', '2020-02-07 10:28:17'),
(132, 'capsules', '&#xf46b;  capsules', '2020-02-07 10:28:17', '2020-02-07 10:28:17'),
(133, 'car', '&#xf1b9;  car', '2020-02-07 10:28:17', '2020-02-07 10:28:17'),
(134, 'car-alt', '&#xf5de;  car-alt', '2020-02-07 10:28:17', '2020-02-07 10:28:17'),
(135, 'car-battery', '&#xf5df;  car-battery', '2020-02-07 10:28:17', '2020-02-07 10:28:17'),
(136, 'car-crash', '&#xf5e1;  car-crash', '2020-02-07 10:28:17', '2020-02-07 10:28:17'),
(137, 'car-side', '&#xf5e4;  car-side', '2020-02-07 10:28:17', '2020-02-07 10:28:17'),
(138, 'caret-down', '&#xf0d7;  caret-down', '2020-02-07 10:28:17', '2020-02-07 10:28:17'),
(139, 'caret-left', '&#xf0d9;  caret-left', '2020-02-07 10:28:17', '2020-02-07 10:28:17'),
(140, 'caret-right', '&#xf0da;  caret-right', '2020-02-07 10:28:17', '2020-02-07 10:28:17'),
(141, 'caret-square-down', '&#xf150;  caret-square-down', '2020-02-07 10:28:17', '2020-02-07 10:28:17'),
(142, 'caret-square-left', '&#xf191;  caret-square-left', '2020-02-07 10:28:17', '2020-02-07 10:28:17'),
(143, 'caret-square-right', '&#xf152;  caret-square-right', '2020-02-07 10:28:17', '2020-02-07 10:28:17'),
(144, 'caret-square-up', '&#xf151;  caret-square-up', '2020-02-07 10:28:17', '2020-02-07 10:28:17'),
(145, 'caret-up', '&#xf0d8;  caret-up', '2020-02-07 10:28:17', '2020-02-07 10:28:17'),
(146, 'carrot', '&#xf787;  carrot', '2020-02-07 10:28:17', '2020-02-07 10:28:17'),
(147, 'cart-arrow-down', '&#xf218;  cart-arrow-down', '2020-02-07 10:28:17', '2020-02-07 10:28:17'),
(148, 'cart-plus', '&#xf217;  cart-plus', '2020-02-07 10:28:17', '2020-02-07 10:28:17'),
(149, 'cash-register', '&#xf788;  cash-register', '2020-02-07 10:28:17', '2020-02-07 10:28:17'),
(150, 'cat', '&#xf6be;  cat', '2020-02-07 10:28:17', '2020-02-07 10:28:17'),
(151, 'certificate', '&#xf0a3;  certificate', '2020-02-07 10:28:17', '2020-02-07 10:28:17'),
(152, 'chair', '&#xf6c0;  chair', '2020-02-07 10:28:17', '2020-02-07 10:28:17'),
(153, 'chalkboard', '&#xf51b;  chalkboard', '2020-02-07 10:28:17', '2020-02-07 10:28:17'),
(154, 'chalkboard-teacher', '&#xf51c;  chalkboard-teacher', '2020-02-07 10:28:17', '2020-02-07 10:28:17'),
(155, 'charging-station', '&#xf5e7;  charging-station', '2020-02-07 10:28:17', '2020-02-07 10:28:17'),
(156, 'chart-area', '&#xf1fe;  chart-area', '2020-02-07 10:28:17', '2020-02-07 10:28:17'),
(157, 'chart-bar', '&#xf080;  chart-bar', '2020-02-07 10:28:17', '2020-02-07 10:28:17'),
(158, 'chart-line', '&#xf201;  chart-line', '2020-02-07 10:28:17', '2020-02-07 10:28:17'),
(159, 'chart-pie', '&#xf200;  chart-pie', '2020-02-07 10:28:17', '2020-02-07 10:28:17'),
(160, 'check', '&#xf00c;  check', '2020-02-07 10:28:17', '2020-02-07 10:28:17'),
(161, 'check-circle', '&#xf058;  check-circle', '2020-02-07 10:28:17', '2020-02-07 10:28:17'),
(162, 'check-double', '&#xf560;  check-double', '2020-02-07 10:28:17', '2020-02-07 10:28:17'),
(163, 'check-square', '&#xf14a;  check-square', '2020-02-07 10:28:17', '2020-02-07 10:28:17'),
(164, 'cheese', '&#xf7ef;  cheese', '2020-02-07 10:28:17', '2020-02-07 10:28:17'),
(165, 'chess', '&#xf439;  chess', '2020-02-07 10:28:17', '2020-02-07 10:28:17'),
(166, 'chess-bishop', '&#xf43a;  chess-bishop', '2020-02-07 10:28:17', '2020-02-07 10:28:17'),
(167, 'chess-board', '&#xf43c;  chess-board', '2020-02-07 10:28:17', '2020-02-07 10:28:17'),
(168, 'chess-king', '&#xf43f;  chess-king', '2020-02-07 10:28:17', '2020-02-07 10:28:17'),
(169, 'chess-knight', '&#xf441;  chess-knight', '2020-02-07 10:28:17', '2020-02-07 10:28:17'),
(170, 'chess-pawn', '&#xf443;  chess-pawn', '2020-02-07 10:28:17', '2020-02-07 10:28:17'),
(171, 'chess-queen', '&#xf445;  chess-queen', '2020-02-07 10:28:17', '2020-02-07 10:28:17'),
(172, 'chess-rook', '&#xf447;  chess-rook', '2020-02-07 10:28:17', '2020-02-07 10:28:17'),
(173, 'chevron-circle-down', '&#xf13a;  chevron-circle-down', '2020-02-07 10:28:17', '2020-02-07 10:28:17'),
(174, 'chevron-circle-left', '&#xf137;  chevron-circle-left', '2020-02-07 10:28:17', '2020-02-07 10:28:17'),
(175, 'chevron-circle-right', '&#xf138;  chevron-circle-right', '2020-02-07 10:28:17', '2020-02-07 10:28:17'),
(176, 'chevron-circle-up', '&#xf139;  chevron-circle-up', '2020-02-07 10:28:17', '2020-02-07 10:28:17'),
(177, 'chevron-down', '&#xf078;  chevron-down', '2020-02-07 10:28:17', '2020-02-07 10:28:17'),
(178, 'chevron-left', '&#xf053;  chevron-left', '2020-02-07 10:28:17', '2020-02-07 10:28:17'),
(179, 'chevron-right', '&#xf054;  chevron-right', '2020-02-07 10:28:17', '2020-02-07 10:28:17'),
(180, 'chevron-up', '&#xf077;  chevron-up', '2020-02-07 10:28:17', '2020-02-07 10:28:17'),
(181, 'child', '&#xf1ae;  child', '2020-02-07 10:28:17', '2020-02-07 10:28:17'),
(182, 'church', '&#xf51d;  church', '2020-02-07 10:28:17', '2020-02-07 10:28:17'),
(183, 'circle', '&#xf111;  circle', '2020-02-07 10:28:17', '2020-02-07 10:28:17'),
(184, 'circle-notch', '&#xf1ce;  circle-notch', '2020-02-07 10:28:17', '2020-02-07 10:28:17'),
(185, 'city', '&#xf64f;  city', '2020-02-07 10:28:17', '2020-02-07 10:28:17'),
(186, 'clinic-medical', '&#xf7f2;  clinic-medical', '2020-02-07 10:28:17', '2020-02-07 10:28:17'),
(187, 'clipboard', '&#xf328;  clipboard', '2020-02-07 10:28:17', '2020-02-07 10:28:17'),
(188, 'clipboard-check', '&#xf46c;  clipboard-check', '2020-02-07 10:28:17', '2020-02-07 10:28:17'),
(189, 'clipboard-list', '&#xf46d;  clipboard-list', '2020-02-07 10:28:17', '2020-02-07 10:28:17'),
(190, 'clock', '&#xf017;  clock', '2020-02-07 10:28:17', '2020-02-07 10:28:17'),
(191, 'clone', '&#xf24d;  clone', '2020-02-07 10:28:17', '2020-02-07 10:28:17'),
(192, 'closed-captioning', '&#xf20a;  closed-captioning', '2020-02-07 10:28:17', '2020-02-07 10:28:17'),
(193, 'cloud', '&#xf0c2;  cloud', '2020-02-07 10:28:17', '2020-02-07 10:28:17'),
(194, 'cloud-download-alt', '&#xf381;  cloud-download-alt', '2020-02-07 10:28:17', '2020-02-07 10:28:17'),
(195, 'cloud-meatball', '&#xf73b;  cloud-meatball', '2020-02-07 10:28:17', '2020-02-07 10:28:17'),
(196, 'cloud-moon', '&#xf6c3;  cloud-moon', '2020-02-07 10:28:17', '2020-02-07 10:28:17'),
(197, 'cloud-moon-rain', '&#xf73c;  cloud-moon-rain', '2020-02-07 10:28:17', '2020-02-07 10:28:17'),
(198, 'cloud-rain', '&#xf73d;  cloud-rain', '2020-02-07 10:28:17', '2020-02-07 10:28:17'),
(199, 'cloud-showers-heavy', '&#xf740;  cloud-showers-heavy', '2020-02-07 10:28:17', '2020-02-07 10:28:17'),
(200, 'cloud-sun', '&#xf6c4;  cloud-sun', '2020-02-07 10:28:17', '2020-02-07 10:28:17'),
(201, 'cloud-sun-rain', '&#xf743;  cloud-sun-rain', '2020-02-07 10:28:17', '2020-02-07 10:28:17'),
(202, 'cloud-upload-alt', '&#xf382;  cloud-upload-alt', '2020-02-07 10:28:17', '2020-02-07 10:28:17'),
(203, 'cocktail', '&#xf561;  cocktail', '2020-02-07 10:28:17', '2020-02-07 10:28:17'),
(204, 'code', '&#xf121;  code', '2020-02-07 10:28:17', '2020-02-07 10:28:17'),
(205, 'code-branch', '&#xf126;  code-branch', '2020-02-07 10:28:17', '2020-02-07 10:28:17'),
(206, 'coffee', '&#xf0f4;  coffee', '2020-02-07 10:28:17', '2020-02-07 10:28:17'),
(207, 'cog', '&#xf013;  cog', '2020-02-07 10:28:17', '2020-02-07 10:28:17'),
(208, 'cogs', '&#xf085;  cogs', '2020-02-07 10:28:17', '2020-02-07 10:28:17'),
(209, 'coins', '&#xf51e;  coins', '2020-02-07 10:28:17', '2020-02-07 10:28:17'),
(210, 'columns', '&#xf0db;  columns', '2020-02-07 10:28:17', '2020-02-07 10:28:17'),
(211, 'comment', '&#xf075;  comment', '2020-02-07 10:28:17', '2020-02-07 10:28:17'),
(212, 'comment-alt', '&#xf27a;  comment-alt', '2020-02-07 10:28:17', '2020-02-07 10:28:17'),
(213, 'comment-dollar', '&#xf651;  comment-dollar', '2020-02-07 10:28:17', '2020-02-07 10:28:17'),
(214, 'comment-dots', '&#xf4ad;  comment-dots', '2020-02-07 10:28:17', '2020-02-07 10:28:17'),
(215, 'comment-medical', '&#xf7f5;  comment-medical', '2020-02-07 10:28:17', '2020-02-07 10:28:17'),
(216, 'comment-slash', '&#xf4b3;  comment-slash', '2020-02-07 10:28:17', '2020-02-07 10:28:17'),
(217, 'comments', '&#xf086;  comments', '2020-02-07 10:28:17', '2020-02-07 10:28:17'),
(218, 'comments-dollar', '&#xf653;  comments-dollar', '2020-02-07 10:28:17', '2020-02-07 10:28:17'),
(219, 'compact-disc', '&#xf51f;  compact-disc', '2020-02-07 10:28:17', '2020-02-07 10:28:17'),
(220, 'compass', '&#xf14e;  compass', '2020-02-07 10:28:17', '2020-02-07 10:28:17'),
(221, 'compress', '&#xf066;  compress', '2020-02-07 10:28:17', '2020-02-07 10:28:17'),
(222, 'compress-arrows-alt', '&#xf78c;  compress-arrows-alt', '2020-02-07 10:28:17', '2020-02-07 10:28:17'),
(223, 'concierge-bell', '&#xf562;  concierge-bell', '2020-02-07 10:28:17', '2020-02-07 10:28:17'),
(224, 'cookie', '&#xf563;  cookie', '2020-02-07 10:28:17', '2020-02-07 10:28:17'),
(225, 'cookie-bite', '&#xf564;  cookie-bite', '2020-02-07 10:28:17', '2020-02-07 10:28:17'),
(226, 'copy', '&#xf0c5;  copy', '2020-02-07 10:28:17', '2020-02-07 10:28:17'),
(227, 'copyright', '&#xf1f9;  copyright', '2020-02-07 10:28:17', '2020-02-07 10:28:17'),
(228, 'couch', '&#xf4b8;  couch', '2020-02-07 10:28:17', '2020-02-07 10:28:17'),
(229, 'credit-card', '&#xf09d;  credit-card', '2020-02-07 10:28:17', '2020-02-07 10:28:17'),
(230, 'crop', '&#xf125;  crop', '2020-02-07 10:28:17', '2020-02-07 10:28:17'),
(231, 'crop-alt', '&#xf565;  crop-alt', '2020-02-07 10:28:17', '2020-02-07 10:28:17'),
(232, 'cross', '&#xf654;  cross', '2020-02-07 10:28:17', '2020-02-07 10:28:17'),
(233, 'crosshairs', '&#xf05b;  crosshairs', '2020-02-07 10:28:17', '2020-02-07 10:28:17'),
(234, 'crow', '&#xf520;  crow', '2020-02-07 10:28:17', '2020-02-07 10:28:17'),
(235, 'crown', '&#xf521;  crown', '2020-02-07 10:28:17', '2020-02-07 10:28:17'),
(236, 'crutch', '&#xf7f7;  crutch', '2020-02-07 10:28:17', '2020-02-07 10:28:17'),
(237, 'cube', '&#xf1b2;  cube', '2020-02-07 10:28:17', '2020-02-07 10:28:17'),
(238, 'cubes', '&#xf1b3;  cubes', '2020-02-07 10:28:17', '2020-02-07 10:28:17'),
(239, 'cut', '&#xf0c4;  cut', '2020-02-07 10:28:17', '2020-02-07 10:28:17'),
(240, 'database', '&#xf1c0;  database', '2020-02-07 10:28:17', '2020-02-07 10:28:17'),
(241, 'deaf', '&#xf2a4;  deaf', '2020-02-07 10:28:17', '2020-02-07 10:28:17'),
(242, 'democrat', '&#xf747;  democrat', '2020-02-07 10:28:17', '2020-02-07 10:28:17'),
(243, 'desktop', '&#xf108;  desktop', '2020-02-07 10:28:17', '2020-02-07 10:28:17'),
(244, 'dharmachakra', '&#xf655;  dharmachakra', '2020-02-07 10:28:17', '2020-02-07 10:28:17'),
(245, 'diagnoses', '&#xf470;  diagnoses', '2020-02-07 10:28:17', '2020-02-07 10:28:17'),
(246, 'dice', '&#xf522;  dice', '2020-02-07 10:28:17', '2020-02-07 10:28:17'),
(247, 'dice-d20', '&#xf6cf;  dice-d20', '2020-02-07 10:28:17', '2020-02-07 10:28:17'),
(248, 'dice-d6', '&#xf6d1;  dice-d6', '2020-02-07 10:28:17', '2020-02-07 10:28:17'),
(249, 'dice-five', '&#xf523;  dice-five', '2020-02-07 10:28:17', '2020-02-07 10:28:17'),
(250, 'dice-four', '&#xf524;  dice-four', '2020-02-07 10:28:17', '2020-02-07 10:28:17'),
(251, 'dice-one', '&#xf525;  dice-one', '2020-02-07 10:28:17', '2020-02-07 10:28:17'),
(252, 'dice-six', '&#xf526;  dice-six', '2020-02-07 10:28:17', '2020-02-07 10:28:17'),
(253, 'dice-three', '&#xf527;  dice-three', '2020-02-07 10:28:17', '2020-02-07 10:28:17'),
(254, 'dice-two', '&#xf528;  dice-two', '2020-02-07 10:28:17', '2020-02-07 10:28:17'),
(255, 'digital-tachograph', '&#xf566;  digital-tachograph', '2020-02-07 10:28:17', '2020-02-07 10:28:17'),
(256, 'directions', '&#xf5eb;  directions', '2020-02-07 10:28:17', '2020-02-07 10:28:17'),
(257, 'divide', '&#xf529;  divide', '2020-02-07 10:28:17', '2020-02-07 10:28:17'),
(258, 'dizzy', '&#xf567;  dizzy', '2020-02-07 10:28:17', '2020-02-07 10:28:17'),
(259, 'dna', '&#xf471;  dna', '2020-02-07 10:28:17', '2020-02-07 10:28:17'),
(260, 'dog', '&#xf6d3;  dog', '2020-02-07 10:28:17', '2020-02-07 10:28:17'),
(261, 'dollar-sign', '&#xf155;  dollar-sign', '2020-02-07 10:28:17', '2020-02-07 10:28:17'),
(262, 'dolly', '&#xf472;  dolly', '2020-02-07 10:28:17', '2020-02-07 10:28:17'),
(263, 'dolly-flatbed', '&#xf474;  dolly-flatbed', '2020-02-07 10:28:17', '2020-02-07 10:28:17'),
(264, 'donate', '&#xf4b9;  donate', '2020-02-07 10:28:17', '2020-02-07 10:28:17'),
(265, 'door-closed', '&#xf52a;  door-closed', '2020-02-07 10:28:17', '2020-02-07 10:28:17'),
(266, 'door-open', '&#xf52b;  door-open', '2020-02-07 10:28:17', '2020-02-07 10:28:17'),
(267, 'dot-circle', '&#xf192;  dot-circle', '2020-02-07 10:28:17', '2020-02-07 10:28:17'),
(268, 'dove', '&#xf4ba;  dove', '2020-02-07 10:28:17', '2020-02-07 10:28:17'),
(269, 'download', '&#xf019;  download', '2020-02-07 10:28:17', '2020-02-07 10:28:17'),
(270, 'drafting-compass', '&#xf568;  drafting-compass', '2020-02-07 10:28:17', '2020-02-07 10:28:17'),
(271, 'dragon', '&#xf6d5;  dragon', '2020-02-07 10:28:17', '2020-02-07 10:28:17'),
(272, 'draw-polygon', '&#xf5ee;  draw-polygon', '2020-02-07 10:28:17', '2020-02-07 10:28:17'),
(273, 'drum', '&#xf569;  drum', '2020-02-07 10:28:17', '2020-02-07 10:28:17'),
(274, 'drum-steelpan', '&#xf56a;  drum-steelpan', '2020-02-07 10:28:17', '2020-02-07 10:28:17'),
(275, 'drumstick-bite', '&#xf6d7;  drumstick-bite', '2020-02-07 10:28:17', '2020-02-07 10:28:17'),
(276, 'dumbbell', '&#xf44b;  dumbbell', '2020-02-07 10:28:17', '2020-02-07 10:28:17'),
(277, 'dumpster', '&#xf793;  dumpster', '2020-02-07 10:28:17', '2020-02-07 10:28:17'),
(278, 'dumpster-fire', '&#xf794;  dumpster-fire', '2020-02-07 10:28:17', '2020-02-07 10:28:17'),
(279, 'dungeon', '&#xf6d9;  dungeon', '2020-02-07 10:28:17', '2020-02-07 10:28:17'),
(280, 'edit', '&#xf044;  edit', '2020-02-07 10:28:17', '2020-02-07 10:28:17'),
(281, 'egg', '&#xf7fb;  egg', '2020-02-07 10:28:17', '2020-02-07 10:28:17'),
(282, 'eject', '&#xf052;  eject', '2020-02-07 10:28:17', '2020-02-07 10:28:17'),
(283, 'ellipsis-h', '&#xf141;  ellipsis-h', '2020-02-07 10:28:17', '2020-02-07 10:28:17'),
(284, 'ellipsis-v', '&#xf142;  ellipsis-v', '2020-02-07 10:28:17', '2020-02-07 10:28:17'),
(285, 'envelope', '&#xf0e0;  envelope', '2020-02-07 10:28:17', '2020-02-07 10:28:17'),
(286, 'envelope-open', '&#xf2b6;  envelope-open', '2020-02-07 10:28:17', '2020-02-07 10:28:17'),
(287, 'envelope-open-text', '&#xf658;  envelope-open-text', '2020-02-07 10:28:17', '2020-02-07 10:28:17'),
(288, 'envelope-square', '&#xf199;  envelope-square', '2020-02-07 10:28:17', '2020-02-07 10:28:17'),
(289, 'equals', '&#xf52c;  equals', '2020-02-07 10:28:17', '2020-02-07 10:28:17'),
(290, 'eraser', '&#xf12d;  eraser', '2020-02-07 10:28:17', '2020-02-07 10:28:17'),
(291, 'ethernet', '&#xf796;  ethernet', '2020-02-07 10:28:17', '2020-02-07 10:28:17'),
(292, 'euro-sign', '&#xf153;  euro-sign', '2020-02-07 10:28:17', '2020-02-07 10:28:17'),
(293, 'exchange-alt', '&#xf362;  exchange-alt', '2020-02-07 10:28:17', '2020-02-07 10:28:17'),
(294, 'exclamation', '&#xf12a;  exclamation', '2020-02-07 10:28:17', '2020-02-07 10:28:17'),
(295, 'exclamation-circle', '&#xf06a;  exclamation-circle', '2020-02-07 10:28:17', '2020-02-07 10:28:17'),
(296, 'exclamation-triangle', '&#xf071;  exclamation-triangle', '2020-02-07 10:28:17', '2020-02-07 10:28:17'),
(297, 'expand', '&#xf065;  expand', '2020-02-07 10:28:17', '2020-02-07 10:28:17'),
(298, 'expand-arrows-alt', '&#xf31e;  expand-arrows-alt', '2020-02-07 10:28:17', '2020-02-07 10:28:17'),
(299, 'external-link-alt', '&#xf35d;  external-link-alt', '2020-02-07 10:28:17', '2020-02-07 10:28:17'),
(300, 'external-link-square-alt', '&#xf360;  external-link-square-alt', '2020-02-07 10:28:17', '2020-02-07 10:28:17'),
(301, 'eye', '&#xf06e;  eye', '2020-02-07 10:28:17', '2020-02-07 10:28:17'),
(302, 'eye-dropper', '&#xf1fb;  eye-dropper', '2020-02-07 10:28:17', '2020-02-07 10:28:17'),
(303, 'eye-slash', '&#xf070;  eye-slash', '2020-02-07 10:28:17', '2020-02-07 10:28:17'),
(304, 'fan', '&#xf863;  fan', '2020-02-07 10:28:17', '2020-02-07 10:28:17'),
(305, 'fast-backward', '&#xf049;  fast-backward', '2020-02-07 10:28:17', '2020-02-07 10:28:17'),
(306, 'fast-forward', '&#xf050;  fast-forward', '2020-02-07 10:28:17', '2020-02-07 10:28:17'),
(307, 'fax', '&#xf1ac;  fax', '2020-02-07 10:28:17', '2020-02-07 10:28:17'),
(308, 'feather', '&#xf52d;  feather', '2020-02-07 10:28:17', '2020-02-07 10:28:17'),
(309, 'feather-alt', '&#xf56b;  feather-alt', '2020-02-07 10:28:17', '2020-02-07 10:28:17'),
(310, 'female', '&#xf182;  female', '2020-02-07 10:28:17', '2020-02-07 10:28:17'),
(311, 'fighter-jet', '&#xf0fb;  fighter-jet', '2020-02-07 10:28:17', '2020-02-07 10:28:17'),
(312, 'file', '&#xf15b;  file', '2020-02-07 10:28:17', '2020-02-07 10:28:17'),
(313, 'file-alt', '&#xf15c;  file-alt', '2020-02-07 10:28:17', '2020-02-07 10:28:17'),
(314, 'file-archive', '&#xf1c6;  file-archive', '2020-02-07 10:28:17', '2020-02-07 10:28:17'),
(315, 'file-audio', '&#xf1c7;  file-audio', '2020-02-07 10:28:17', '2020-02-07 10:28:17'),
(316, 'file-code', '&#xf1c9;  file-code', '2020-02-07 10:28:17', '2020-02-07 10:28:17'),
(317, 'file-contract', '&#xf56c;  file-contract', '2020-02-07 10:28:17', '2020-02-07 10:28:17'),
(318, 'file-csv', '&#xf6dd;  file-csv', '2020-02-07 10:28:17', '2020-02-07 10:28:17'),
(319, 'file-download', '&#xf56d;  file-download', '2020-02-07 10:28:17', '2020-02-07 10:28:17'),
(320, 'file-excel', '&#xf1c3;  file-excel', '2020-02-07 10:28:17', '2020-02-07 10:28:17'),
(321, 'file-export', '&#xf56e;  file-export', '2020-02-07 10:28:17', '2020-02-07 10:28:17'),
(322, 'file-image', '&#xf1c5;  file-image', '2020-02-07 10:28:17', '2020-02-07 10:28:17'),
(323, 'file-import', '&#xf56f;  file-import', '2020-02-07 10:28:17', '2020-02-07 10:28:17'),
(324, 'file-invoice', '&#xf570;  file-invoice', '2020-02-07 10:28:17', '2020-02-07 10:28:17'),
(325, 'file-invoice-dollar', '&#xf571;  file-invoice-dollar', '2020-02-07 10:28:17', '2020-02-07 10:28:17'),
(326, 'file-medical', '&#xf477;  file-medical', '2020-02-07 10:28:17', '2020-02-07 10:28:17'),
(327, 'file-medical-alt', '&#xf478;  file-medical-alt', '2020-02-07 10:28:17', '2020-02-07 10:28:17'),
(328, 'file-pdf', '&#xf1c1;  file-pdf', '2020-02-07 10:28:17', '2020-02-07 10:28:17'),
(329, 'file-powerpoint', '&#xf1c4;  file-powerpoint', '2020-02-07 10:28:17', '2020-02-07 10:28:17'),
(330, 'file-prescription', '&#xf572;  file-prescription', '2020-02-07 10:28:17', '2020-02-07 10:28:17'),
(331, 'file-signature', '&#xf573;  file-signature', '2020-02-07 10:28:17', '2020-02-07 10:28:17'),
(332, 'file-upload', '&#xf574;  file-upload', '2020-02-07 10:28:17', '2020-02-07 10:28:17'),
(333, 'file-video', '&#xf1c8;  file-video', '2020-02-07 10:28:17', '2020-02-07 10:28:17'),
(334, 'file-word', '&#xf1c2;  file-word', '2020-02-07 10:28:17', '2020-02-07 10:28:17'),
(335, 'fill', '&#xf575;  fill', '2020-02-07 10:28:17', '2020-02-07 10:28:17'),
(336, 'fill-drip', '&#xf576;  fill-drip', '2020-02-07 10:28:17', '2020-02-07 10:28:17'),
(337, 'film', '&#xf008;  film', '2020-02-07 10:28:17', '2020-02-07 10:28:17'),
(338, 'filter', '&#xf0b0;  filter', '2020-02-07 10:28:17', '2020-02-07 10:28:17'),
(339, 'fingerprint', '&#xf577;  fingerprint', '2020-02-07 10:28:17', '2020-02-07 10:28:17'),
(340, 'fire', '&#xf06d;  fire', '2020-02-07 10:28:17', '2020-02-07 10:28:17'),
(341, 'fire-alt', '&#xf7e4;  fire-alt', '2020-02-07 10:28:17', '2020-02-07 10:28:17'),
(342, 'fire-extinguisher', '&#xf134;  fire-extinguisher', '2020-02-07 10:28:17', '2020-02-07 10:28:17'),
(343, 'first-aid', '&#xf479;  first-aid', '2020-02-07 10:28:17', '2020-02-07 10:28:17'),
(344, 'fish', '&#xf578;  fish', '2020-02-07 10:28:17', '2020-02-07 10:28:17'),
(345, 'fist-raised', '&#xf6de;  fist-raised', '2020-02-07 10:28:17', '2020-02-07 10:28:17'),
(346, 'flag', '&#xf024;  flag', '2020-02-07 10:28:17', '2020-02-07 10:28:17'),
(347, 'flag-checkered', '&#xf11e;  flag-checkered', '2020-02-07 10:28:17', '2020-02-07 10:28:17'),
(348, 'flag-usa', '&#xf74d;  flag-usa', '2020-02-07 10:28:17', '2020-02-07 10:28:17'),
(349, 'flask', '&#xf0c3;  flask', '2020-02-07 10:28:17', '2020-02-07 10:28:17'),
(350, 'flushed', '&#xf579;  flushed', '2020-02-07 10:28:17', '2020-02-07 10:28:17'),
(351, 'folder', '&#xf07b;  folder', '2020-02-07 10:28:17', '2020-02-07 10:28:17'),
(352, 'folder-minus', '&#xf65d;  folder-minus', '2020-02-07 10:28:17', '2020-02-07 10:28:17'),
(353, 'folder-open', '&#xf07c;  folder-open', '2020-02-07 10:28:17', '2020-02-07 10:28:17'),
(354, 'folder-plus', '&#xf65e;  folder-plus', '2020-02-07 10:28:17', '2020-02-07 10:28:17'),
(355, 'font', '&#xf031;  font', '2020-02-07 10:28:17', '2020-02-07 10:28:17'),
(356, 'football-ball', '&#xf44e;  football-ball', '2020-02-07 10:28:17', '2020-02-07 10:28:17'),
(357, 'forward', '&#xf04e;  forward', '2020-02-07 10:28:17', '2020-02-07 10:28:17'),
(358, 'frog', '&#xf52e;  frog', '2020-02-07 10:28:17', '2020-02-07 10:28:17'),
(359, 'frown', '&#xf119;  frown', '2020-02-07 10:28:17', '2020-02-07 10:28:17'),
(360, 'frown-open', '&#xf57a;  frown-open', '2020-02-07 10:28:17', '2020-02-07 10:28:17'),
(361, 'funnel-dollar', '&#xf662;  funnel-dollar', '2020-02-07 10:28:17', '2020-02-07 10:28:17'),
(362, 'futbol', '&#xf1e3;  futbol', '2020-02-07 10:28:17', '2020-02-07 10:28:17'),
(363, 'gamepad', '&#xf11b;  gamepad', '2020-02-07 10:28:17', '2020-02-07 10:28:17'),
(364, 'gas-pump', '&#xf52f;  gas-pump', '2020-02-07 10:28:17', '2020-02-07 10:28:17'),
(365, 'gavel', '&#xf0e3;  gavel', '2020-02-07 10:28:17', '2020-02-07 10:28:17'),
(366, 'gem', '&#xf3a5;  gem', '2020-02-07 10:28:17', '2020-02-07 10:28:17'),
(367, 'genderless', '&#xf22d;  genderless', '2020-02-07 10:28:17', '2020-02-07 10:28:17'),
(368, 'ghost', '&#xf6e2;  ghost', '2020-02-07 10:28:17', '2020-02-07 10:28:17'),
(369, 'gift', '&#xf06b;  gift', '2020-02-07 10:28:17', '2020-02-07 10:28:17'),
(370, 'gifts', '&#xf79c;  gifts', '2020-02-07 10:28:17', '2020-02-07 10:28:17'),
(371, 'glass-cheers', '&#xf79f;  glass-cheers', '2020-02-07 10:28:17', '2020-02-07 10:28:17'),
(372, 'glass-martini', '&#xf000;  glass-martini', '2020-02-07 10:28:17', '2020-02-07 10:28:17'),
(373, 'glass-martini-alt', '&#xf57b;  glass-martini-alt', '2020-02-07 10:28:17', '2020-02-07 10:28:17'),
(374, 'glass-whiskey', '&#xf7a0;  glass-whiskey', '2020-02-07 10:28:17', '2020-02-07 10:28:17'),
(375, 'glasses', '&#xf530;  glasses', '2020-02-07 10:28:17', '2020-02-07 10:28:17'),
(376, 'globe', '&#xf0ac;  globe', '2020-02-07 10:28:17', '2020-02-07 10:28:17'),
(377, 'globe-africa', '&#xf57c;  globe-africa', '2020-02-07 10:28:17', '2020-02-07 10:28:17'),
(378, 'globe-americas', '&#xf57d;  globe-americas', '2020-02-07 10:28:17', '2020-02-07 10:28:17'),
(379, 'globe-asia', '&#xf57e;  globe-asia', '2020-02-07 10:28:17', '2020-02-07 10:28:17'),
(380, 'globe-europe', '&#xf7a2;  globe-europe', '2020-02-07 10:28:17', '2020-02-07 10:28:17'),
(381, 'golf-ball', '&#xf450;  golf-ball', '2020-02-07 10:28:17', '2020-02-07 10:28:17'),
(382, 'gopuram', '&#xf664;  gopuram', '2020-02-07 10:28:17', '2020-02-07 10:28:17'),
(383, 'graduation-cap', '&#xf19d;  graduation-cap', '2020-02-07 10:28:17', '2020-02-07 10:28:17'),
(384, 'greater-than', '&#xf531;  greater-than', '2020-02-07 10:28:17', '2020-02-07 10:28:17'),
(385, 'greater-than-equal', '&#xf532;  greater-than-equal', '2020-02-07 10:28:17', '2020-02-07 10:28:17'),
(386, 'grimace', '&#xf57f;  grimace', '2020-02-07 10:28:17', '2020-02-07 10:28:17'),
(387, 'grin', '&#xf580;  grin', '2020-02-07 10:28:17', '2020-02-07 10:28:17'),
(388, 'grin-alt', '&#xf581;  grin-alt', '2020-02-07 10:28:17', '2020-02-07 10:28:17'),
(389, 'grin-beam', '&#xf582;  grin-beam', '2020-02-07 10:28:17', '2020-02-07 10:28:17'),
(390, 'grin-beam-sweat', '&#xf583;  grin-beam-sweat', '2020-02-07 10:28:17', '2020-02-07 10:28:17'),
(391, 'grin-hearts', '&#xf584;  grin-hearts', '2020-02-07 10:28:17', '2020-02-07 10:28:17'),
(392, 'grin-squint', '&#xf585;  grin-squint', '2020-02-07 10:28:17', '2020-02-07 10:28:17'),
(393, 'grin-squint-tears', '&#xf586;  grin-squint-tears', '2020-02-07 10:28:17', '2020-02-07 10:28:17'),
(394, 'grin-stars', '&#xf587;  grin-stars', '2020-02-07 10:28:17', '2020-02-07 10:28:17'),
(395, 'grin-tears', '&#xf588;  grin-tears', '2020-02-07 10:28:17', '2020-02-07 10:28:17'),
(396, 'grin-tongue', '&#xf589;  grin-tongue', '2020-02-07 10:28:17', '2020-02-07 10:28:17'),
(397, 'grin-tongue-squint', '&#xf58a;  grin-tongue-squint', '2020-02-07 10:28:17', '2020-02-07 10:28:17'),
(398, 'grin-tongue-wink', '&#xf58b;  grin-tongue-wink', '2020-02-07 10:28:17', '2020-02-07 10:28:17'),
(399, 'grin-wink', '&#xf58c;  grin-wink', '2020-02-07 10:28:17', '2020-02-07 10:28:17'),
(400, 'grip-horizontal', '&#xf58d;  grip-horizontal', '2020-02-07 10:28:17', '2020-02-07 10:28:17'),
(401, 'grip-lines', '&#xf7a4;  grip-lines', '2020-02-07 10:28:17', '2020-02-07 10:28:17'),
(402, 'grip-lines-vertical', '&#xf7a5;  grip-lines-vertical', '2020-02-07 10:28:17', '2020-02-07 10:28:17'),
(403, 'grip-vertical', '&#xf58e;  grip-vertical', '2020-02-07 10:28:17', '2020-02-07 10:28:17'),
(404, 'guitar', '&#xf7a6;  guitar', '2020-02-07 10:28:17', '2020-02-07 10:28:17'),
(405, 'h-square', '&#xf0fd;  h-square', '2020-02-07 10:28:17', '2020-02-07 10:28:17'),
(406, 'hamburger', '&#xf805;  hamburger', '2020-02-07 10:28:17', '2020-02-07 10:28:17'),
(407, 'hammer', '&#xf6e3;  hammer', '2020-02-07 10:28:17', '2020-02-07 10:28:17'),
(408, 'hamsa', '&#xf665;  hamsa', '2020-02-07 10:28:17', '2020-02-07 10:28:17'),
(409, 'hand-holding', '&#xf4bd;  hand-holding', '2020-02-07 10:28:17', '2020-02-07 10:28:17'),
(410, 'hand-holding-heart', '&#xf4be;  hand-holding-heart', '2020-02-07 10:28:17', '2020-02-07 10:28:17'),
(411, 'hand-holding-usd', '&#xf4c0;  hand-holding-usd', '2020-02-07 10:28:17', '2020-02-07 10:28:17'),
(412, 'hand-lizard', '&#xf258;  hand-lizard', '2020-02-07 10:28:17', '2020-02-07 10:28:17'),
(413, 'hand-middle-finger', '&#xf806;  hand-middle-finger', '2020-02-07 10:28:17', '2020-02-07 10:28:17'),
(414, 'hand-paper', '&#xf256;  hand-paper', '2020-02-07 10:28:17', '2020-02-07 10:28:17'),
(415, 'hand-peace', '&#xf25b;  hand-peace', '2020-02-07 10:28:17', '2020-02-07 10:28:17'),
(416, 'hand-point-down', '&#xf0a7;  hand-point-down', '2020-02-07 10:28:17', '2020-02-07 10:28:17'),
(417, 'hand-point-left', '&#xf0a5;  hand-point-left', '2020-02-07 10:28:17', '2020-02-07 10:28:17'),
(418, 'hand-point-right', '&#xf0a4;  hand-point-right', '2020-02-07 10:28:17', '2020-02-07 10:28:17'),
(419, 'hand-point-up', '&#xf0a6;  hand-point-up', '2020-02-07 10:28:17', '2020-02-07 10:28:17'),
(420, 'hand-pointer', '&#xf25a;  hand-pointer', '2020-02-07 10:28:17', '2020-02-07 10:28:17'),
(421, 'hand-rock', '&#xf255;  hand-rock', '2020-02-07 10:28:17', '2020-02-07 10:28:17'),
(422, 'hand-scissors', '&#xf257;  hand-scissors', '2020-02-07 10:28:17', '2020-02-07 10:28:17'),
(423, 'hand-spock', '&#xf259;  hand-spock', '2020-02-07 10:28:17', '2020-02-07 10:28:17'),
(424, 'hands', '&#xf4c2;  hands', '2020-02-07 10:28:17', '2020-02-07 10:28:17'),
(425, 'hands-helping', '&#xf4c4;  hands-helping', '2020-02-07 10:28:17', '2020-02-07 10:28:17'),
(426, 'handshake', '&#xf2b5;  handshake', '2020-02-07 10:28:17', '2020-02-07 10:28:17'),
(427, 'hanukiah', '&#xf6e6;  hanukiah', '2020-02-07 10:28:17', '2020-02-07 10:28:17'),
(428, 'hard-hat', '&#xf807;  hard-hat', '2020-02-07 10:28:17', '2020-02-07 10:28:17'),
(429, 'hashtag', '&#xf292;  hashtag', '2020-02-07 10:28:17', '2020-02-07 10:28:17'),
(430, 'hat-cowboy', '&#xf8c0;  hat-cowboy', '2020-02-07 10:28:17', '2020-02-07 10:28:17'),
(431, 'hat-cowboy-side', '&#xf8c1;  hat-cowboy-side', '2020-02-07 10:28:17', '2020-02-07 10:28:17'),
(432, 'hat-wizard', '&#xf6e8;  hat-wizard', '2020-02-07 10:28:17', '2020-02-07 10:28:17'),
(433, 'haykal', '&#xf666;  haykal', '2020-02-07 10:28:17', '2020-02-07 10:28:17'),
(434, 'hdd', '&#xf0a0;  hdd', '2020-02-07 10:28:17', '2020-02-07 10:28:17'),
(435, 'heading', '&#xf1dc;  heading', '2020-02-07 10:28:17', '2020-02-07 10:28:17'),
(436, 'headphones', '&#xf025;  headphones', '2020-02-07 10:28:17', '2020-02-07 10:28:17'),
(437, 'headphones-alt', '&#xf58f;  headphones-alt', '2020-02-07 10:28:17', '2020-02-07 10:28:17'),
(438, 'headset', '&#xf590;  headset', '2020-02-07 10:28:17', '2020-02-07 10:28:17'),
(439, 'heart', '&#xf004;  heart', '2020-02-07 10:28:17', '2020-02-07 10:28:17'),
(440, 'heart-broken', '&#xf7a9;  heart-broken', '2020-02-07 10:28:17', '2020-02-07 10:28:17'),
(441, 'heartbeat', '&#xf21e;  heartbeat', '2020-02-07 10:28:17', '2020-02-07 10:28:17'),
(442, 'helicopter', '&#xf533;  helicopter', '2020-02-07 10:28:17', '2020-02-07 10:28:17'),
(443, 'highlighter', '&#xf591;  highlighter', '2020-02-07 10:28:17', '2020-02-07 10:28:17'),
(444, 'hiking', '&#xf6ec;  hiking', '2020-02-07 10:28:17', '2020-02-07 10:28:17'),
(445, 'hippo', '&#xf6ed;  hippo', '2020-02-07 10:28:17', '2020-02-07 10:28:17'),
(446, 'history', '&#xf1da;  history', '2020-02-07 10:28:17', '2020-02-07 10:28:17'),
(447, 'hockey-puck', '&#xf453;  hockey-puck', '2020-02-07 10:28:17', '2020-02-07 10:28:17'),
(448, 'holly-berry', '&#xf7aa;  holly-berry', '2020-02-07 10:28:17', '2020-02-07 10:28:17'),
(449, 'home', '&#xf015;  home', '2020-02-07 10:28:17', '2020-02-07 10:28:17'),
(450, 'horse', '&#xf6f0;  horse', '2020-02-07 10:28:17', '2020-02-07 10:28:17'),
(451, 'horse-head', '&#xf7ab;  horse-head', '2020-02-07 10:28:17', '2020-02-07 10:28:17'),
(452, 'hospital', '&#xf0f8;  hospital', '2020-02-07 10:28:17', '2020-02-07 10:28:17'),
(453, 'hospital-alt', '&#xf47d;  hospital-alt', '2020-02-07 10:28:17', '2020-02-07 10:28:17'),
(454, 'hospital-symbol', '&#xf47e;  hospital-symbol', '2020-02-07 10:28:17', '2020-02-07 10:28:17'),
(455, 'hot-tub', '&#xf593;  hot-tub', '2020-02-07 10:28:17', '2020-02-07 10:28:17'),
(456, 'hotdog', '&#xf80f;  hotdog', '2020-02-07 10:28:17', '2020-02-07 10:28:17'),
(457, 'hotel', '&#xf594;  hotel', '2020-02-07 10:28:17', '2020-02-07 10:28:17'),
(458, 'hourglass', '&#xf254;  hourglass', '2020-02-07 10:28:17', '2020-02-07 10:28:17'),
(459, 'hourglass-end', '&#xf253;  hourglass-end', '2020-02-07 10:28:17', '2020-02-07 10:28:17'),
(460, 'hourglass-half', '&#xf252;  hourglass-half', '2020-02-07 10:28:17', '2020-02-07 10:28:17'),
(461, 'hourglass-start', '&#xf251;  hourglass-start', '2020-02-07 10:28:17', '2020-02-07 10:28:17'),
(462, 'house-damage', '&#xf6f1;  house-damage', '2020-02-07 10:28:17', '2020-02-07 10:28:17'),
(463, 'hryvnia', '&#xf6f2;  hryvnia', '2020-02-07 10:28:17', '2020-02-07 10:28:17'),
(464, 'i-cursor', '&#xf246;  i-cursor', '2020-02-07 10:28:17', '2020-02-07 10:28:17'),
(465, 'ice-cream', '&#xf810;  ice-cream', '2020-02-07 10:28:17', '2020-02-07 10:28:17'),
(466, 'icicles', '&#xf7ad;  icicles', '2020-02-07 10:28:17', '2020-02-07 10:28:17'),
(467, 'icons', '&#xf86d;  icons', '2020-02-07 10:28:17', '2020-02-07 10:28:17'),
(468, 'id-badge', '&#xf2c1;  id-badge', '2020-02-07 10:28:17', '2020-02-07 10:28:17'),
(469, 'id-card', '&#xf2c2;  id-card', '2020-02-07 10:28:17', '2020-02-07 10:28:17'),
(470, 'id-card-alt', '&#xf47f;  id-card-alt', '2020-02-07 10:28:17', '2020-02-07 10:28:17'),
(471, 'igloo', '&#xf7ae;  igloo', '2020-02-07 10:28:17', '2020-02-07 10:28:17'),
(472, 'image', '&#xf03e;  image', '2020-02-07 10:28:17', '2020-02-07 10:28:17'),
(473, 'images', '&#xf302;  images', '2020-02-07 10:28:17', '2020-02-07 10:28:17'),
(474, 'inbox', '&#xf01c;  inbox', '2020-02-07 10:28:17', '2020-02-07 10:28:17'),
(475, 'indent', '&#xf03c;  indent', '2020-02-07 10:28:17', '2020-02-07 10:28:17'),
(476, 'industry', '&#xf275;  industry', '2020-02-07 10:28:17', '2020-02-07 10:28:17'),
(477, 'infinity', '&#xf534;  infinity', '2020-02-07 10:28:17', '2020-02-07 10:28:17'),
(478, 'info', '&#xf129;  info', '2020-02-07 10:28:17', '2020-02-07 10:28:17'),
(479, 'info-circle', '&#xf05a;  info-circle', '2020-02-07 10:28:17', '2020-02-07 10:28:17'),
(480, 'italic', '&#xf033;  italic', '2020-02-07 10:28:17', '2020-02-07 10:28:17'),
(481, 'jedi', '&#xf669;  jedi', '2020-02-07 10:28:17', '2020-02-07 10:28:17'),
(482, 'joint', '&#xf595;  joint', '2020-02-07 10:28:17', '2020-02-07 10:28:17'),
(483, 'journal-whills', '&#xf66a;  journal-whills', '2020-02-07 10:28:17', '2020-02-07 10:28:17'),
(484, 'kaaba', '&#xf66b;  kaaba', '2020-02-07 10:28:17', '2020-02-07 10:28:17'),
(485, 'key', '&#xf084;  key', '2020-02-07 10:28:17', '2020-02-07 10:28:17'),
(486, 'keyboard', '&#xf11c;  keyboard', '2020-02-07 10:28:17', '2020-02-07 10:28:17'),
(487, 'khanda', '&#xf66d;  khanda', '2020-02-07 10:28:17', '2020-02-07 10:28:17'),
(488, 'kiss', '&#xf596;  kiss', '2020-02-07 10:28:17', '2020-02-07 10:28:17'),
(489, 'kiss-beam', '&#xf597;  kiss-beam', '2020-02-07 10:28:17', '2020-02-07 10:28:17'),
(490, 'kiss-wink-heart', '&#xf598;  kiss-wink-heart', '2020-02-07 10:28:17', '2020-02-07 10:28:17'),
(491, 'kiwi-bird', '&#xf535;  kiwi-bird', '2020-02-07 10:28:17', '2020-02-07 10:28:17'),
(492, 'landmark', '&#xf66f;  landmark', '2020-02-07 10:28:17', '2020-02-07 10:28:17'),
(493, 'language', '&#xf1ab;  language', '2020-02-07 10:28:17', '2020-02-07 10:28:17'),
(494, 'laptop', '&#xf109;  laptop', '2020-02-07 10:28:17', '2020-02-07 10:28:17'),
(495, 'laptop-code', '&#xf5fc;  laptop-code', '2020-02-07 10:28:17', '2020-02-07 10:28:17'),
(496, 'laptop-medical', '&#xf812;  laptop-medical', '2020-02-07 10:28:17', '2020-02-07 10:28:17'),
(497, 'laugh', '&#xf599;  laugh', '2020-02-07 10:28:17', '2020-02-07 10:28:17'),
(498, 'laugh-beam', '&#xf59a;  laugh-beam', '2020-02-07 10:28:17', '2020-02-07 10:28:17'),
(499, 'laugh-squint', '&#xf59b;  laugh-squint', '2020-02-07 10:28:17', '2020-02-07 10:28:17'),
(500, 'laugh-wink', '&#xf59c;  laugh-wink', '2020-02-07 10:28:17', '2020-02-07 10:28:17'),
(501, 'layer-group', '&#xf5fd;  layer-group', '2020-02-07 10:28:17', '2020-02-07 10:28:17'),
(502, 'leaf', '&#xf06c;  leaf', '2020-02-07 10:28:17', '2020-02-07 10:28:17'),
(503, 'lemon', '&#xf094;  lemon', '2020-02-07 10:28:17', '2020-02-07 10:28:17'),
(504, 'less-than', '&#xf536;  less-than', '2020-02-07 10:28:17', '2020-02-07 10:28:17'),
(505, 'less-than-equal', '&#xf537;  less-than-equal', '2020-02-07 10:28:17', '2020-02-07 10:28:17'),
(506, 'level-down-alt', '&#xf3be;  level-down-alt', '2020-02-07 10:28:17', '2020-02-07 10:28:17'),
(507, 'level-up-alt', '&#xf3bf;  level-up-alt', '2020-02-07 10:28:17', '2020-02-07 10:28:17'),
(508, 'life-ring', '&#xf1cd;  life-ring', '2020-02-07 10:28:17', '2020-02-07 10:28:17'),
(509, 'lightbulb', '&#xf0eb;  lightbulb', '2020-02-07 10:28:17', '2020-02-07 10:28:17'),
(510, 'link', '&#xf0c1;  link', '2020-02-07 10:28:17', '2020-02-07 10:28:17'),
(511, 'lira-sign', '&#xf195;  lira-sign', '2020-02-07 10:28:17', '2020-02-07 10:28:17'),
(512, 'list', '&#xf03a;  list', '2020-02-07 10:28:17', '2020-02-07 10:28:17'),
(513, 'list-alt', '&#xf022;  list-alt', '2020-02-07 10:28:17', '2020-02-07 10:28:17'),
(514, 'list-ol', '&#xf0cb;  list-ol', '2020-02-07 10:28:17', '2020-02-07 10:28:17'),
(515, 'list-ul', '&#xf0ca;  list-ul', '2020-02-07 10:28:17', '2020-02-07 10:28:17'),
(516, 'location-arrow', '&#xf124;  location-arrow', '2020-02-07 10:28:17', '2020-02-07 10:28:17'),
(517, 'lock', '&#xf023;  lock', '2020-02-07 10:28:17', '2020-02-07 10:28:17'),
(518, 'lock-open', '&#xf3c1;  lock-open', '2020-02-07 10:28:17', '2020-02-07 10:28:17'),
(519, 'long-arrow-alt-down', '&#xf309;  long-arrow-alt-down', '2020-02-07 10:28:17', '2020-02-07 10:28:17'),
(520, 'long-arrow-alt-left', '&#xf30a;  long-arrow-alt-left', '2020-02-07 10:28:17', '2020-02-07 10:28:17'),
(521, 'long-arrow-alt-right', '&#xf30b;  long-arrow-alt-right', '2020-02-07 10:28:17', '2020-02-07 10:28:17'),
(522, 'long-arrow-alt-up', '&#xf30c;  long-arrow-alt-up', '2020-02-07 10:28:17', '2020-02-07 10:28:17'),
(523, 'low-vision', '&#xf2a8;  low-vision', '2020-02-07 10:28:17', '2020-02-07 10:28:17'),
(524, 'luggage-cart', '&#xf59d;  luggage-cart', '2020-02-07 10:28:17', '2020-02-07 10:28:17'),
(525, 'magic', '&#xf0d0;  magic', '2020-02-07 10:28:17', '2020-02-07 10:28:17'),
(526, 'magnet', '&#xf076;  magnet', '2020-02-07 10:28:17', '2020-02-07 10:28:17'),
(527, 'mail-bulk', '&#xf674;  mail-bulk', '2020-02-07 10:28:17', '2020-02-07 10:28:17'),
(528, 'male', '&#xf183;  male', '2020-02-07 10:28:17', '2020-02-07 10:28:17'),
(529, 'map', '&#xf279;  map', '2020-02-07 10:28:17', '2020-02-07 10:28:17'),
(530, 'map-marked', '&#xf59f;  map-marked', '2020-02-07 10:28:17', '2020-02-07 10:28:17'),
(531, 'map-marked-alt', '&#xf5a0;  map-marked-alt', '2020-02-07 10:28:17', '2020-02-07 10:28:17'),
(532, 'map-marker', '&#xf041;  map-marker', '2020-02-07 10:28:17', '2020-02-07 10:28:17'),
(533, 'map-marker-alt', '&#xf3c5;  map-marker-alt', '2020-02-07 10:28:17', '2020-02-07 10:28:17'),
(534, 'map-pin', '&#xf276;  map-pin', '2020-02-07 10:28:17', '2020-02-07 10:28:17'),
(535, 'map-signs', '&#xf277;  map-signs', '2020-02-07 10:28:17', '2020-02-07 10:28:17'),
(536, 'marker', '&#xf5a1;  marker', '2020-02-07 10:28:17', '2020-02-07 10:28:17'),
(537, 'mars', '&#xf222;  mars', '2020-02-07 10:28:17', '2020-02-07 10:28:17'),
(538, 'mars-double', '&#xf227;  mars-double', '2020-02-07 10:28:17', '2020-02-07 10:28:17'),
(539, 'mars-stroke', '&#xf229;  mars-stroke', '2020-02-07 10:28:17', '2020-02-07 10:28:17'),
(540, 'mars-stroke-h', '&#xf22b;  mars-stroke-h', '2020-02-07 10:28:17', '2020-02-07 10:28:17'),
(541, 'mars-stroke-v', '&#xf22a;  mars-stroke-v', '2020-02-07 10:28:17', '2020-02-07 10:28:17'),
(542, 'mask', '&#xf6fa;  mask', '2020-02-07 10:28:17', '2020-02-07 10:28:17'),
(543, 'medal', '&#xf5a2;  medal', '2020-02-07 10:28:17', '2020-02-07 10:28:17'),
(544, 'medkit', '&#xf0fa;  medkit', '2020-02-07 10:28:17', '2020-02-07 10:28:17'),
(545, 'meh', '&#xf11a;  meh', '2020-02-07 10:28:17', '2020-02-07 10:28:17'),
(546, 'meh-blank', '&#xf5a4;  meh-blank', '2020-02-07 10:28:17', '2020-02-07 10:28:17'),
(547, 'meh-rolling-eyes', '&#xf5a5;  meh-rolling-eyes', '2020-02-07 10:28:17', '2020-02-07 10:28:17'),
(548, 'memory', '&#xf538;  memory', '2020-02-07 10:28:17', '2020-02-07 10:28:17'),
(549, 'menorah', '&#xf676;  menorah', '2020-02-07 10:28:17', '2020-02-07 10:28:17'),
(550, 'mercury', '&#xf223;  mercury', '2020-02-07 10:28:17', '2020-02-07 10:28:17'),
(551, 'meteor', '&#xf753;  meteor', '2020-02-07 10:28:17', '2020-02-07 10:28:17'),
(552, 'microchip', '&#xf2db;  microchip', '2020-02-07 10:28:17', '2020-02-07 10:28:17'),
(553, 'microphone', '&#xf130;  microphone', '2020-02-07 10:28:17', '2020-02-07 10:28:17'),
(554, 'microphone-alt', '&#xf3c9;  microphone-alt', '2020-02-07 10:28:17', '2020-02-07 10:28:17'),
(555, 'microphone-alt-slash', '&#xf539;  microphone-alt-slash', '2020-02-07 10:28:17', '2020-02-07 10:28:17'),
(556, 'microphone-slash', '&#xf131;  microphone-slash', '2020-02-07 10:28:17', '2020-02-07 10:28:17'),
(557, 'microscope', '&#xf610;  microscope', '2020-02-07 10:28:17', '2020-02-07 10:28:17'),
(558, 'minus', '&#xf068;  minus', '2020-02-07 10:28:17', '2020-02-07 10:28:17'),
(559, 'minus-circle', '&#xf056;  minus-circle', '2020-02-07 10:28:17', '2020-02-07 10:28:17'),
(560, 'minus-square', '&#xf146;  minus-square', '2020-02-07 10:28:17', '2020-02-07 10:28:17'),
(561, 'mitten', '&#xf7b5;  mitten', '2020-02-07 10:28:17', '2020-02-07 10:28:17'),
(562, 'mobile', '&#xf10b;  mobile', '2020-02-07 10:28:17', '2020-02-07 10:28:17'),
(563, 'mobile-alt', '&#xf3cd;  mobile-alt', '2020-02-07 10:28:17', '2020-02-07 10:28:17'),
(564, 'money-bill', '&#xf0d6;  money-bill', '2020-02-07 10:28:17', '2020-02-07 10:28:17'),
(565, 'money-bill-alt', '&#xf3d1;  money-bill-alt', '2020-02-07 10:28:17', '2020-02-07 10:28:17');
INSERT INTO `amenities_icons` (`id`, `name`, `value`, `createdAt`, `updatedAt`) VALUES
(566, 'money-bill-wave', '&#xf53a;  money-bill-wave', '2020-02-07 10:28:17', '2020-02-07 10:28:17'),
(567, 'money-bill-wave-alt', '&#xf53b;  money-bill-wave-alt', '2020-02-07 10:28:17', '2020-02-07 10:28:17'),
(568, 'money-check', '&#xf53c;  money-check', '2020-02-07 10:28:17', '2020-02-07 10:28:17'),
(569, 'money-check-alt', '&#xf53d;  money-check-alt', '2020-02-07 10:28:17', '2020-02-07 10:28:17'),
(570, 'monument', '&#xf5a6;  monument', '2020-02-07 10:28:17', '2020-02-07 10:28:17'),
(571, 'moon', '&#xf186;  moon', '2020-02-07 10:28:17', '2020-02-07 10:28:17'),
(572, 'mortar-pestle', '&#xf5a7;  mortar-pestle', '2020-02-07 10:28:17', '2020-02-07 10:28:17'),
(573, 'mosque', '&#xf678;  mosque', '2020-02-07 10:28:17', '2020-02-07 10:28:17'),
(574, 'motorcycle', '&#xf21c;  motorcycle', '2020-02-07 10:28:17', '2020-02-07 10:28:17'),
(575, 'mountain', '&#xf6fc;  mountain', '2020-02-07 10:28:17', '2020-02-07 10:28:17'),
(576, 'mouse', '&#xf8cc;  mouse', '2020-02-07 10:28:17', '2020-02-07 10:28:17'),
(577, 'mouse-pointer', '&#xf245;  mouse-pointer', '2020-02-07 10:28:17', '2020-02-07 10:28:17'),
(578, 'mug-hot', '&#xf7b6;  mug-hot', '2020-02-07 10:28:17', '2020-02-07 10:28:17'),
(579, 'music', '&#xf001;  music', '2020-02-07 10:28:17', '2020-02-07 10:28:17'),
(580, 'network-wired', '&#xf6ff;  network-wired', '2020-02-07 10:28:17', '2020-02-07 10:28:17'),
(581, 'neuter', '&#xf22c;  neuter', '2020-02-07 10:28:17', '2020-02-07 10:28:17'),
(582, 'newspaper', '&#xf1ea;  newspaper', '2020-02-07 10:28:17', '2020-02-07 10:28:17'),
(583, 'not-equal', '&#xf53e;  not-equal', '2020-02-07 10:28:17', '2020-02-07 10:28:17'),
(584, 'notes-medical', '&#xf481;  notes-medical', '2020-02-07 10:28:17', '2020-02-07 10:28:17'),
(585, 'object-group', '&#xf247;  object-group', '2020-02-07 10:28:17', '2020-02-07 10:28:17'),
(586, 'object-ungroup', '&#xf248;  object-ungroup', '2020-02-07 10:28:17', '2020-02-07 10:28:17'),
(587, 'oil-can', '&#xf613;  oil-can', '2020-02-07 10:28:17', '2020-02-07 10:28:17'),
(588, 'om', '&#xf679;  om', '2020-02-07 10:28:17', '2020-02-07 10:28:17'),
(589, 'otter', '&#xf700;  otter', '2020-02-07 10:28:17', '2020-02-07 10:28:17'),
(590, 'outdent', '&#xf03b;  outdent', '2020-02-07 10:28:17', '2020-02-07 10:28:17'),
(591, 'pager', '&#xf815;  pager', '2020-02-07 10:28:17', '2020-02-07 10:28:17'),
(592, 'paint-brush', '&#xf1fc;  paint-brush', '2020-02-07 10:28:17', '2020-02-07 10:28:17'),
(593, 'paint-roller', '&#xf5aa;  paint-roller', '2020-02-07 10:28:17', '2020-02-07 10:28:17'),
(594, 'palette', '&#xf53f;  palette', '2020-02-07 10:28:17', '2020-02-07 10:28:17'),
(595, 'pallet', '&#xf482;  pallet', '2020-02-07 10:28:17', '2020-02-07 10:28:17'),
(596, 'paper-plane', '&#xf1d8;  paper-plane', '2020-02-07 10:28:17', '2020-02-07 10:28:17'),
(597, 'paperclip', '&#xf0c6;  paperclip', '2020-02-07 10:28:17', '2020-02-07 10:28:17'),
(598, 'parachute-box', '&#xf4cd;  parachute-box', '2020-02-07 10:28:17', '2020-02-07 10:28:17'),
(599, 'paragraph', '&#xf1dd;  paragraph', '2020-02-07 10:28:17', '2020-02-07 10:28:17'),
(600, 'parking', '&#xf540;  parking', '2020-02-07 10:28:17', '2020-02-07 10:28:17'),
(601, 'passport', '&#xf5ab;  passport', '2020-02-07 10:28:17', '2020-02-07 10:28:17'),
(602, 'pastafarianism', '&#xf67b;  pastafarianism', '2020-02-07 10:28:17', '2020-02-07 10:28:17'),
(603, 'paste', '&#xf0ea;  paste', '2020-02-07 10:28:17', '2020-02-07 10:28:17'),
(604, 'pause', '&#xf04c;  pause', '2020-02-07 10:28:17', '2020-02-07 10:28:17'),
(605, 'pause-circle', '&#xf28b;  pause-circle', '2020-02-07 10:28:17', '2020-02-07 10:28:17'),
(606, 'paw', '&#xf1b0;  paw', '2020-02-07 10:28:17', '2020-02-07 10:28:17'),
(607, 'peace', '&#xf67c;  peace', '2020-02-07 10:28:17', '2020-02-07 10:28:17'),
(608, 'pen', '&#xf304;  pen', '2020-02-07 10:28:17', '2020-02-07 10:28:17'),
(609, 'pen-alt', '&#xf305;  pen-alt', '2020-02-07 10:28:17', '2020-02-07 10:28:17'),
(610, 'pen-fancy', '&#xf5ac;  pen-fancy', '2020-02-07 10:28:17', '2020-02-07 10:28:17'),
(611, 'pen-nib', '&#xf5ad;  pen-nib', '2020-02-07 10:28:17', '2020-02-07 10:28:17'),
(612, 'pen-square', '&#xf14b;  pen-square', '2020-02-07 10:28:17', '2020-02-07 10:28:17'),
(613, 'pencil-alt', '&#xf303;  pencil-alt', '2020-02-07 10:28:17', '2020-02-07 10:28:17'),
(614, 'pencil-ruler', '&#xf5ae;  pencil-ruler', '2020-02-07 10:28:17', '2020-02-07 10:28:17'),
(615, 'people-carry', '&#xf4ce;  people-carry', '2020-02-07 10:28:17', '2020-02-07 10:28:17'),
(616, 'pepper-hot', '&#xf816;  pepper-hot', '2020-02-07 10:28:17', '2020-02-07 10:28:17'),
(617, 'percent', '&#xf295;  percent', '2020-02-07 10:28:17', '2020-02-07 10:28:17'),
(618, 'percentage', '&#xf541;  percentage', '2020-02-07 10:28:17', '2020-02-07 10:28:17'),
(619, 'person-booth', '&#xf756;  person-booth', '2020-02-07 10:28:17', '2020-02-07 10:28:17'),
(620, 'phone', '&#xf095;  phone', '2020-02-07 10:28:17', '2020-02-07 10:28:17'),
(621, 'phone-alt', '&#xf879;  phone-alt', '2020-02-07 10:28:17', '2020-02-07 10:28:17'),
(622, 'phone-slash', '&#xf3dd;  phone-slash', '2020-02-07 10:28:17', '2020-02-07 10:28:17'),
(623, 'phone-square', '&#xf098;  phone-square', '2020-02-07 10:28:17', '2020-02-07 10:28:17'),
(624, 'phone-square-alt', '&#xf87b;  phone-square-alt', '2020-02-07 10:28:17', '2020-02-07 10:28:17'),
(625, 'phone-volume', '&#xf2a0;  phone-volume', '2020-02-07 10:28:17', '2020-02-07 10:28:17'),
(626, 'photo-video', '&#xf87c;  photo-video', '2020-02-07 10:28:17', '2020-02-07 10:28:17'),
(627, 'piggy-bank', '&#xf4d3;  piggy-bank', '2020-02-07 10:28:17', '2020-02-07 10:28:17'),
(628, 'pills', '&#xf484;  pills', '2020-02-07 10:28:17', '2020-02-07 10:28:17'),
(629, 'pizza-slice', '&#xf818;  pizza-slice', '2020-02-07 10:28:17', '2020-02-07 10:28:17'),
(630, 'place-of-worship', '&#xf67f;  place-of-worship', '2020-02-07 10:28:17', '2020-02-07 10:28:17'),
(631, 'plane', '&#xf072;  plane', '2020-02-07 10:28:17', '2020-02-07 10:28:17'),
(632, 'plane-arrival', '&#xf5af;  plane-arrival', '2020-02-07 10:28:17', '2020-02-07 10:28:17'),
(633, 'plane-departure', '&#xf5b0;  plane-departure', '2020-02-07 10:28:17', '2020-02-07 10:28:17'),
(634, 'play', '&#xf04b;  play', '2020-02-07 10:28:17', '2020-02-07 10:28:17'),
(635, 'play-circle', '&#xf144;  play-circle', '2020-02-07 10:28:17', '2020-02-07 10:28:17'),
(636, 'plug', '&#xf1e6;  plug', '2020-02-07 10:28:17', '2020-02-07 10:28:17'),
(637, 'plus', '&#xf067;  plus', '2020-02-07 10:28:17', '2020-02-07 10:28:17'),
(638, 'plus-circle', '&#xf055;  plus-circle', '2020-02-07 10:28:17', '2020-02-07 10:28:17'),
(639, 'plus-square', '&#xf0fe;  plus-square', '2020-02-07 10:28:17', '2020-02-07 10:28:17'),
(640, 'podcast', '&#xf2ce;  podcast', '2020-02-07 10:28:17', '2020-02-07 10:28:17'),
(641, 'poll', '&#xf681;  poll', '2020-02-07 10:28:17', '2020-02-07 10:28:17'),
(642, 'poll-h', '&#xf682;  poll-h', '2020-02-07 10:28:17', '2020-02-07 10:28:17'),
(643, 'poo', '&#xf2fe;  poo', '2020-02-07 10:28:17', '2020-02-07 10:28:17'),
(644, 'poo-storm', '&#xf75a;  poo-storm', '2020-02-07 10:28:17', '2020-02-07 10:28:17'),
(645, 'poop', '&#xf619;  poop', '2020-02-07 10:28:17', '2020-02-07 10:28:17'),
(646, 'portrait', '&#xf3e0;  portrait', '2020-02-07 10:28:17', '2020-02-07 10:28:17'),
(647, 'pound-sign', '&#xf154;  pound-sign', '2020-02-07 10:28:17', '2020-02-07 10:28:17'),
(648, 'power-off', '&#xf011;  power-off', '2020-02-07 10:28:17', '2020-02-07 10:28:17'),
(649, 'pray', '&#xf683;  pray', '2020-02-07 10:28:17', '2020-02-07 10:28:17'),
(650, 'praying-hands', '&#xf684;  praying-hands', '2020-02-07 10:28:17', '2020-02-07 10:28:17'),
(651, 'prescription', '&#xf5b1;  prescription', '2020-02-07 10:28:17', '2020-02-07 10:28:17'),
(652, 'prescription-bottle', '&#xf485;  prescription-bottle', '2020-02-07 10:28:17', '2020-02-07 10:28:17'),
(653, 'prescription-bottle-alt', '&#xf486;  prescription-bottle-alt', '2020-02-07 10:28:17', '2020-02-07 10:28:17'),
(654, 'print', '&#xf02f;  print', '2020-02-07 10:28:17', '2020-02-07 10:28:17'),
(655, 'procedures', '&#xf487;  procedures', '2020-02-07 10:28:17', '2020-02-07 10:28:17'),
(656, 'project-diagram', '&#xf542;  project-diagram', '2020-02-07 10:28:17', '2020-02-07 10:28:17'),
(657, 'puzzle-piece', '&#xf12e;  puzzle-piece', '2020-02-07 10:28:17', '2020-02-07 10:28:17'),
(658, 'qrcode', '&#xf029;  qrcode', '2020-02-07 10:28:17', '2020-02-07 10:28:17'),
(659, 'question', '&#xf128;  question', '2020-02-07 10:28:17', '2020-02-07 10:28:17'),
(660, 'question-circle', '&#xf059;  question-circle', '2020-02-07 10:28:17', '2020-02-07 10:28:17'),
(661, 'quidditch', '&#xf458;  quidditch', '2020-02-07 10:28:17', '2020-02-07 10:28:17'),
(662, 'quote-left', '&#xf10d;  quote-left', '2020-02-07 10:28:17', '2020-02-07 10:28:17'),
(663, 'quote-right', '&#xf10e;  quote-right', '2020-02-07 10:28:17', '2020-02-07 10:28:17'),
(664, 'quran', '&#xf687;  quran', '2020-02-07 10:28:17', '2020-02-07 10:28:17'),
(665, 'radiation', '&#xf7b9;  radiation', '2020-02-07 10:28:17', '2020-02-07 10:28:17'),
(666, 'radiation-alt', '&#xf7ba;  radiation-alt', '2020-02-07 10:28:17', '2020-02-07 10:28:17'),
(667, 'rainbow', '&#xf75b;  rainbow', '2020-02-07 10:28:17', '2020-02-07 10:28:17'),
(668, 'random', '&#xf074;  random', '2020-02-07 10:28:17', '2020-02-07 10:28:17'),
(669, 'receipt', '&#xf543;  receipt', '2020-02-07 10:28:17', '2020-02-07 10:28:17'),
(670, 'record-vinyl', '&#xf8d9;  record-vinyl', '2020-02-07 10:28:17', '2020-02-07 10:28:17'),
(671, 'recycle', '&#xf1b8;  recycle', '2020-02-07 10:28:17', '2020-02-07 10:28:17'),
(672, 'redo', '&#xf01e;  redo', '2020-02-07 10:28:17', '2020-02-07 10:28:17'),
(673, 'redo-alt', '&#xf2f9;  redo-alt', '2020-02-07 10:28:17', '2020-02-07 10:28:17'),
(674, 'registered', '&#xf25d;  registered', '2020-02-07 10:28:17', '2020-02-07 10:28:17'),
(675, 'remove-format', '&#xf87d;  remove-format', '2020-02-07 10:28:17', '2020-02-07 10:28:17'),
(676, 'reply', '&#xf3e5;  reply', '2020-02-07 10:28:17', '2020-02-07 10:28:17'),
(677, 'reply-all', '&#xf122;  reply-all', '2020-02-07 10:28:17', '2020-02-07 10:28:17'),
(678, 'republican', '&#xf75e;  republican', '2020-02-07 10:28:17', '2020-02-07 10:28:17'),
(679, 'restroom', '&#xf7bd;  restroom', '2020-02-07 10:28:17', '2020-02-07 10:28:17'),
(680, 'retweet', '&#xf079;  retweet', '2020-02-07 10:28:17', '2020-02-07 10:28:17'),
(681, 'ribbon', '&#xf4d6;  ribbon', '2020-02-07 10:28:17', '2020-02-07 10:28:17'),
(682, 'ring', '&#xf70b;  ring', '2020-02-07 10:28:17', '2020-02-07 10:28:17'),
(683, 'road', '&#xf018;  road', '2020-02-07 10:28:17', '2020-02-07 10:28:17'),
(684, 'robot', '&#xf544;  robot', '2020-02-07 10:28:17', '2020-02-07 10:28:17'),
(685, 'rocket', '&#xf135;  rocket', '2020-02-07 10:28:17', '2020-02-07 10:28:17'),
(686, 'route', '&#xf4d7;  route', '2020-02-07 10:28:17', '2020-02-07 10:28:17'),
(687, 'rss', '&#xf09e;  rss', '2020-02-07 10:28:17', '2020-02-07 10:28:17'),
(688, 'rss-square', '&#xf143;  rss-square', '2020-02-07 10:28:17', '2020-02-07 10:28:17'),
(689, 'ruble-sign', '&#xf158;  ruble-sign', '2020-02-07 10:28:17', '2020-02-07 10:28:17'),
(690, 'ruler', '&#xf545;  ruler', '2020-02-07 10:28:17', '2020-02-07 10:28:17'),
(691, 'ruler-combined', '&#xf546;  ruler-combined', '2020-02-07 10:28:17', '2020-02-07 10:28:17'),
(692, 'ruler-horizontal', '&#xf547;  ruler-horizontal', '2020-02-07 10:28:17', '2020-02-07 10:28:17'),
(693, 'ruler-vertical', '&#xf548;  ruler-vertical', '2020-02-07 10:28:17', '2020-02-07 10:28:17'),
(694, 'running', '&#xf70c;  running', '2020-02-07 10:28:17', '2020-02-07 10:28:17'),
(695, 'rupee-sign', '&#xf156;  rupee-sign', '2020-02-07 10:28:17', '2020-02-07 10:28:17'),
(696, 'sad-cry', '&#xf5b3;  sad-cry', '2020-02-07 10:28:17', '2020-02-07 10:28:17'),
(697, 'sad-tear', '&#xf5b4;  sad-tear', '2020-02-07 10:28:17', '2020-02-07 10:28:17'),
(698, 'satellite', '&#xf7bf;  satellite', '2020-02-07 10:28:17', '2020-02-07 10:28:17'),
(699, 'satellite-dish', '&#xf7c0;  satellite-dish', '2020-02-07 10:28:17', '2020-02-07 10:28:17'),
(700, 'save', '&#xf0c7;  save', '2020-02-07 10:28:17', '2020-02-07 10:28:17'),
(701, 'school', '&#xf549;  school', '2020-02-07 10:28:17', '2020-02-07 10:28:17'),
(702, 'screwdriver', '&#xf54a;  screwdriver', '2020-02-07 10:28:17', '2020-02-07 10:28:17'),
(703, 'scroll', '&#xf70e;  scroll', '2020-02-07 10:28:17', '2020-02-07 10:28:17'),
(704, 'sd-card', '&#xf7c2;  sd-card', '2020-02-07 10:28:17', '2020-02-07 10:28:17'),
(705, 'search', '&#xf002;  search', '2020-02-07 10:28:17', '2020-02-07 10:28:17'),
(706, 'search-dollar', '&#xf688;  search-dollar', '2020-02-07 10:28:17', '2020-02-07 10:28:17'),
(707, 'search-location', '&#xf689;  search-location', '2020-02-07 10:28:17', '2020-02-07 10:28:17'),
(708, 'search-minus', '&#xf010;  search-minus', '2020-02-07 10:28:17', '2020-02-07 10:28:17'),
(709, 'search-plus', '&#xf00e;  search-plus', '2020-02-07 10:28:17', '2020-02-07 10:28:17'),
(710, 'seedling', '&#xf4d8;  seedling', '2020-02-07 10:28:17', '2020-02-07 10:28:17'),
(711, 'server', '&#xf233;  server', '2020-02-07 10:28:17', '2020-02-07 10:28:17'),
(712, 'shapes', '&#xf61f;  shapes', '2020-02-07 10:28:17', '2020-02-07 10:28:17'),
(713, 'share', '&#xf064;  share', '2020-02-07 10:28:17', '2020-02-07 10:28:17'),
(714, 'share-alt', '&#xf1e0;  share-alt', '2020-02-07 10:28:17', '2020-02-07 10:28:17'),
(715, 'share-alt-square', '&#xf1e1;  share-alt-square', '2020-02-07 10:28:17', '2020-02-07 10:28:17'),
(716, 'share-square', '&#xf14d;  share-square', '2020-02-07 10:28:17', '2020-02-07 10:28:17'),
(717, 'shekel-sign', '&#xf20b;  shekel-sign', '2020-02-07 10:28:17', '2020-02-07 10:28:17'),
(718, 'shield-alt', '&#xf3ed;  shield-alt', '2020-02-07 10:28:17', '2020-02-07 10:28:17'),
(719, 'ship', '&#xf21a;  ship', '2020-02-07 10:28:17', '2020-02-07 10:28:17'),
(720, 'shipping-fast', '&#xf48b;  shipping-fast', '2020-02-07 10:28:17', '2020-02-07 10:28:17'),
(721, 'shoe-prints', '&#xf54b;  shoe-prints', '2020-02-07 10:28:17', '2020-02-07 10:28:17'),
(722, 'shopping-bag', '&#xf290;  shopping-bag', '2020-02-07 10:28:17', '2020-02-07 10:28:17'),
(723, 'shopping-basket', '&#xf291;  shopping-basket', '2020-02-07 10:28:17', '2020-02-07 10:28:17'),
(724, 'shopping-cart', '&#xf07a;  shopping-cart', '2020-02-07 10:28:17', '2020-02-07 10:28:17'),
(725, 'shower', '&#xf2cc;  shower', '2020-02-07 10:28:17', '2020-02-07 10:28:17'),
(726, 'shuttle-van', '&#xf5b6;  shuttle-van', '2020-02-07 10:28:17', '2020-02-07 10:28:17'),
(727, 'sign', '&#xf4d9;  sign', '2020-02-07 10:28:17', '2020-02-07 10:28:17'),
(728, 'sign-in-alt', '&#xf2f6;  sign-in-alt', '2020-02-07 10:28:17', '2020-02-07 10:28:17'),
(729, 'sign-language', '&#xf2a7;  sign-language', '2020-02-07 10:28:17', '2020-02-07 10:28:17'),
(730, 'sign-out-alt', '&#xf2f5;  sign-out-alt', '2020-02-07 10:28:17', '2020-02-07 10:28:17'),
(731, 'signal', '&#xf012;  signal', '2020-02-07 10:28:17', '2020-02-07 10:28:17'),
(732, 'signature', '&#xf5b7;  signature', '2020-02-07 10:28:17', '2020-02-07 10:28:17'),
(733, 'sim-card', '&#xf7c4;  sim-card', '2020-02-07 10:28:17', '2020-02-07 10:28:17'),
(734, 'sitemap', '&#xf0e8;  sitemap', '2020-02-07 10:28:17', '2020-02-07 10:28:17'),
(735, 'skating', '&#xf7c5;  skating', '2020-02-07 10:28:17', '2020-02-07 10:28:17'),
(736, 'skiing', '&#xf7c9;  skiing', '2020-02-07 10:28:17', '2020-02-07 10:28:17'),
(737, 'skiing-nordic', '&#xf7ca;  skiing-nordic', '2020-02-07 10:28:17', '2020-02-07 10:28:17'),
(738, 'skull', '&#xf54c;  skull', '2020-02-07 10:28:17', '2020-02-07 10:28:17'),
(739, 'skull-crossbones', '&#xf714;  skull-crossbones', '2020-02-07 10:28:17', '2020-02-07 10:28:17'),
(740, 'slash', '&#xf715;  slash', '2020-02-07 10:28:17', '2020-02-07 10:28:17'),
(741, 'sleigh', '&#xf7cc;  sleigh', '2020-02-07 10:28:17', '2020-02-07 10:28:17'),
(742, 'sliders-h', '&#xf1de;  sliders-h', '2020-02-07 10:28:17', '2020-02-07 10:28:17'),
(743, 'smile', '&#xf118;  smile', '2020-02-07 10:28:17', '2020-02-07 10:28:17'),
(744, 'smile-beam', '&#xf5b8;  smile-beam', '2020-02-07 10:28:17', '2020-02-07 10:28:17'),
(745, 'smile-wink', '&#xf4da;  smile-wink', '2020-02-07 10:28:17', '2020-02-07 10:28:17'),
(746, 'smog', '&#xf75f;  smog', '2020-02-07 10:28:17', '2020-02-07 10:28:17'),
(747, 'smoking', '&#xf48d;  smoking', '2020-02-07 10:28:17', '2020-02-07 10:28:17'),
(748, 'smoking-ban', '&#xf54d;  smoking-ban', '2020-02-07 10:28:17', '2020-02-07 10:28:17'),
(749, 'sms', '&#xf7cd;  sms', '2020-02-07 10:28:17', '2020-02-07 10:28:17'),
(750, 'snowboarding', '&#xf7ce;  snowboarding', '2020-02-07 10:28:17', '2020-02-07 10:28:17'),
(751, 'snowflake', '&#xf2dc;  snowflake', '2020-02-07 10:28:17', '2020-02-07 10:28:17'),
(752, 'snowman', '&#xf7d0;  snowman', '2020-02-07 10:28:17', '2020-02-07 10:28:17'),
(753, 'snowplow', '&#xf7d2;  snowplow', '2020-02-07 10:28:17', '2020-02-07 10:28:17'),
(754, 'socks', '&#xf696;  socks', '2020-02-07 10:28:17', '2020-02-07 10:28:17'),
(755, 'solar-panel', '&#xf5ba;  solar-panel', '2020-02-07 10:28:17', '2020-02-07 10:28:17'),
(756, 'sort', '&#xf0dc;  sort', '2020-02-07 10:28:17', '2020-02-07 10:28:17'),
(757, 'sort-alpha-down', '&#xf15d;  sort-alpha-down', '2020-02-07 10:28:17', '2020-02-07 10:28:17'),
(758, 'sort-alpha-down-alt', '&#xf881;  sort-alpha-down-alt', '2020-02-07 10:28:17', '2020-02-07 10:28:17'),
(759, 'sort-alpha-up', '&#xf15e;  sort-alpha-up', '2020-02-07 10:28:17', '2020-02-07 10:28:17'),
(760, 'sort-alpha-up-alt', '&#xf882;  sort-alpha-up-alt', '2020-02-07 10:28:17', '2020-02-07 10:28:17'),
(761, 'sort-amount-down', '&#xf160;  sort-amount-down', '2020-02-07 10:28:17', '2020-02-07 10:28:17'),
(762, 'sort-amount-down-alt', '&#xf884;  sort-amount-down-alt', '2020-02-07 10:28:17', '2020-02-07 10:28:17'),
(763, 'sort-amount-up', '&#xf161;  sort-amount-up', '2020-02-07 10:28:17', '2020-02-07 10:28:17'),
(764, 'sort-amount-up-alt', '&#xf885;  sort-amount-up-alt', '2020-02-07 10:28:17', '2020-02-07 10:28:17'),
(765, 'sort-down', '&#xf0dd;  sort-down', '2020-02-07 10:28:17', '2020-02-07 10:28:17'),
(766, 'sort-numeric-down', '&#xf162;  sort-numeric-down', '2020-02-07 10:28:17', '2020-02-07 10:28:17'),
(767, 'sort-numeric-down-alt', '&#xf886;  sort-numeric-down-alt', '2020-02-07 10:28:17', '2020-02-07 10:28:17'),
(768, 'sort-numeric-up', '&#xf163;  sort-numeric-up', '2020-02-07 10:28:17', '2020-02-07 10:28:17'),
(769, 'sort-numeric-up-alt', '&#xf887;  sort-numeric-up-alt', '2020-02-07 10:28:17', '2020-02-07 10:28:17'),
(770, 'sort-up', '&#xf0de;  sort-up', '2020-02-07 10:28:17', '2020-02-07 10:28:17'),
(771, 'spa', '&#xf5bb;  spa', '2020-02-07 10:28:17', '2020-02-07 10:28:17'),
(772, 'space-shuttle', '&#xf197;  space-shuttle', '2020-02-07 10:28:17', '2020-02-07 10:28:17'),
(773, 'spell-check', '&#xf891;  spell-check', '2020-02-07 10:28:17', '2020-02-07 10:28:17'),
(774, 'spider', '&#xf717;  spider', '2020-02-07 10:28:17', '2020-02-07 10:28:17'),
(775, 'spinner', '&#xf110;  spinner', '2020-02-07 10:28:17', '2020-02-07 10:28:17'),
(776, 'splotch', '&#xf5bc;  splotch', '2020-02-07 10:28:17', '2020-02-07 10:28:17'),
(777, 'spray-can', '&#xf5bd;  spray-can', '2020-02-07 10:28:17', '2020-02-07 10:28:17'),
(778, 'square', '&#xf0c8;  square', '2020-02-07 10:28:17', '2020-02-07 10:28:17'),
(779, 'square-full', '&#xf45c;  square-full', '2020-02-07 10:28:17', '2020-02-07 10:28:17'),
(780, 'square-root-alt', '&#xf698;  square-root-alt', '2020-02-07 10:28:17', '2020-02-07 10:28:17'),
(781, 'stamp', '&#xf5bf;  stamp', '2020-02-07 10:28:17', '2020-02-07 10:28:17'),
(782, 'star', '&#xf005;  star', '2020-02-07 10:28:17', '2020-02-07 10:28:17'),
(783, 'star-and-crescent', '&#xf699;  star-and-crescent', '2020-02-07 10:28:17', '2020-02-07 10:28:17'),
(784, 'star-half', '&#xf089;  star-half', '2020-02-07 10:28:17', '2020-02-07 10:28:17'),
(785, 'star-half-alt', '&#xf5c0;  star-half-alt', '2020-02-07 10:28:17', '2020-02-07 10:28:17'),
(786, 'star-of-david', '&#xf69a;  star-of-david', '2020-02-07 10:28:17', '2020-02-07 10:28:17'),
(787, 'star-of-life', '&#xf621;  star-of-life', '2020-02-07 10:28:17', '2020-02-07 10:28:17'),
(788, 'step-backward', '&#xf048;  step-backward', '2020-02-07 10:28:17', '2020-02-07 10:28:17'),
(789, 'step-forward', '&#xf051;  step-forward', '2020-02-07 10:28:17', '2020-02-07 10:28:17'),
(790, 'stethoscope', '&#xf0f1;  stethoscope', '2020-02-07 10:28:17', '2020-02-07 10:28:17'),
(791, 'sticky-note', '&#xf249;  sticky-note', '2020-02-07 10:28:17', '2020-02-07 10:28:17'),
(792, 'stop', '&#xf04d;  stop', '2020-02-07 10:28:17', '2020-02-07 10:28:17'),
(793, 'stop-circle', '&#xf28d;  stop-circle', '2020-02-07 10:28:17', '2020-02-07 10:28:17'),
(794, 'stopwatch', '&#xf2f2;  stopwatch', '2020-02-07 10:28:17', '2020-02-07 10:28:17'),
(795, 'store', '&#xf54e;  store', '2020-02-07 10:28:17', '2020-02-07 10:28:17'),
(796, 'store-alt', '&#xf54f;  store-alt', '2020-02-07 10:28:17', '2020-02-07 10:28:17'),
(797, 'stream', '&#xf550;  stream', '2020-02-07 10:28:17', '2020-02-07 10:28:17'),
(798, 'street-view', '&#xf21d;  street-view', '2020-02-07 10:28:17', '2020-02-07 10:28:17'),
(799, 'strikethrough', '&#xf0cc;  strikethrough', '2020-02-07 10:28:17', '2020-02-07 10:28:17'),
(800, 'stroopwafel', '&#xf551;  stroopwafel', '2020-02-07 10:28:17', '2020-02-07 10:28:17'),
(801, 'subscript', '&#xf12c;  subscript', '2020-02-07 10:28:17', '2020-02-07 10:28:17'),
(802, 'subway', '&#xf239;  subway', '2020-02-07 10:28:17', '2020-02-07 10:28:17'),
(803, 'suitcase', '&#xf0f2;  suitcase', '2020-02-07 10:28:17', '2020-02-07 10:28:17'),
(804, 'suitcase-rolling', '&#xf5c1;  suitcase-rolling', '2020-02-07 10:28:17', '2020-02-07 10:28:17'),
(805, 'sun', '&#xf185;  sun', '2020-02-07 10:28:17', '2020-02-07 10:28:17'),
(806, 'superscript', '&#xf12b;  superscript', '2020-02-07 10:28:17', '2020-02-07 10:28:17'),
(807, 'surprise', '&#xf5c2;  surprise', '2020-02-07 10:28:17', '2020-02-07 10:28:17'),
(808, 'swatchbook', '&#xf5c3;  swatchbook', '2020-02-07 10:28:17', '2020-02-07 10:28:17'),
(809, 'swimmer', '&#xf5c4;  swimmer', '2020-02-07 10:28:17', '2020-02-07 10:28:17'),
(810, 'swimming-pool', '&#xf5c5;  swimming-pool', '2020-02-07 10:28:17', '2020-02-07 10:28:17'),
(811, 'synagogue', '&#xf69b;  synagogue', '2020-02-07 10:28:17', '2020-02-07 10:28:17'),
(812, 'sync', '&#xf021;  sync', '2020-02-07 10:28:17', '2020-02-07 10:28:17'),
(813, 'sync-alt', '&#xf2f1;  sync-alt', '2020-02-07 10:28:17', '2020-02-07 10:28:17'),
(814, 'syringe', '&#xf48e;  syringe', '2020-02-07 10:28:17', '2020-02-07 10:28:17'),
(815, 'table', '&#xf0ce;  table', '2020-02-07 10:28:17', '2020-02-07 10:28:17'),
(816, 'table-tennis', '&#xf45d;  table-tennis', '2020-02-07 10:28:17', '2020-02-07 10:28:17'),
(817, 'tablet', '&#xf10a;  tablet', '2020-02-07 10:28:17', '2020-02-07 10:28:17'),
(818, 'tablet-alt', '&#xf3fa;  tablet-alt', '2020-02-07 10:28:17', '2020-02-07 10:28:17'),
(819, 'tablets', '&#xf490;  tablets', '2020-02-07 10:28:17', '2020-02-07 10:28:17'),
(820, 'tachometer-alt', '&#xf3fd;  tachometer-alt', '2020-02-07 10:28:17', '2020-02-07 10:28:17'),
(821, 'tag', '&#xf02b;  tag', '2020-02-07 10:28:17', '2020-02-07 10:28:17'),
(822, 'tags', '&#xf02c;  tags', '2020-02-07 10:28:17', '2020-02-07 10:28:17'),
(823, 'tape', '&#xf4db;  tape', '2020-02-07 10:28:17', '2020-02-07 10:28:17'),
(824, 'tasks', '&#xf0ae;  tasks', '2020-02-07 10:28:17', '2020-02-07 10:28:17'),
(825, 'taxi', '&#xf1ba;  taxi', '2020-02-07 10:28:17', '2020-02-07 10:28:17'),
(826, 'teeth', '&#xf62e;  teeth', '2020-02-07 10:28:17', '2020-02-07 10:28:17'),
(827, 'teeth-open', '&#xf62f;  teeth-open', '2020-02-07 10:28:17', '2020-02-07 10:28:17'),
(828, 'temperature-high', '&#xf769;  temperature-high', '2020-02-07 10:28:17', '2020-02-07 10:28:17'),
(829, 'temperature-low', '&#xf76b;  temperature-low', '2020-02-07 10:28:17', '2020-02-07 10:28:17'),
(830, 'tenge', '&#xf7d7;  tenge', '2020-02-07 10:28:17', '2020-02-07 10:28:17'),
(831, 'terminal', '&#xf120;  terminal', '2020-02-07 10:28:17', '2020-02-07 10:28:17'),
(832, 'text-height', '&#xf034;  text-height', '2020-02-07 10:28:17', '2020-02-07 10:28:17'),
(833, 'text-width', '&#xf035;  text-width', '2020-02-07 10:28:17', '2020-02-07 10:28:17'),
(834, 'th', '&#xf00a;  th', '2020-02-07 10:28:17', '2020-02-07 10:28:17'),
(835, 'th-large', '&#xf009;  th-large', '2020-02-07 10:28:17', '2020-02-07 10:28:17'),
(836, 'th-list', '&#xf00b;  th-list', '2020-02-07 10:28:17', '2020-02-07 10:28:17'),
(837, 'theater-masks', '&#xf630;  theater-masks', '2020-02-07 10:28:17', '2020-02-07 10:28:17'),
(838, 'thermometer', '&#xf491;  thermometer', '2020-02-07 10:28:17', '2020-02-07 10:28:17'),
(839, 'thermometer-empty', '&#xf2cb;  thermometer-empty', '2020-02-07 10:28:17', '2020-02-07 10:28:17'),
(840, 'thermometer-full', '&#xf2c7;  thermometer-full', '2020-02-07 10:28:17', '2020-02-07 10:28:17'),
(841, 'thermometer-half', '&#xf2c9;  thermometer-half', '2020-02-07 10:28:17', '2020-02-07 10:28:17'),
(842, 'thermometer-quarter', '&#xf2ca;  thermometer-quarter', '2020-02-07 10:28:17', '2020-02-07 10:28:17'),
(843, 'thermometer-three-quarters', '&#xf2c8;  thermometer-three-quarters', '2020-02-07 10:28:17', '2020-02-07 10:28:17'),
(844, 'thumbs-down', '&#xf165;  thumbs-down', '2020-02-07 10:28:17', '2020-02-07 10:28:17'),
(845, 'thumbs-up', '&#xf164;  thumbs-up', '2020-02-07 10:28:17', '2020-02-07 10:28:17'),
(846, 'thumbtack', '&#xf08d;  thumbtack', '2020-02-07 10:28:17', '2020-02-07 10:28:17'),
(847, 'ticket-alt', '&#xf3ff;  ticket-alt', '2020-02-07 10:28:17', '2020-02-07 10:28:17'),
(848, 'times', '&#xf00d;  times', '2020-02-07 10:28:17', '2020-02-07 10:28:17'),
(849, 'times-circle', '&#xf057;  times-circle', '2020-02-07 10:28:17', '2020-02-07 10:28:17'),
(850, 'tint', '&#xf043;  tint', '2020-02-07 10:28:17', '2020-02-07 10:28:17'),
(851, 'tint-slash', '&#xf5c7;  tint-slash', '2020-02-07 10:28:17', '2020-02-07 10:28:17'),
(852, 'tired', '&#xf5c8;  tired', '2020-02-07 10:28:17', '2020-02-07 10:28:17'),
(853, 'toggle-off', '&#xf204;  toggle-off', '2020-02-07 10:28:17', '2020-02-07 10:28:17'),
(854, 'toggle-on', '&#xf205;  toggle-on', '2020-02-07 10:28:17', '2020-02-07 10:28:17'),
(855, 'toilet', '&#xf7d8;  toilet', '2020-02-07 10:28:17', '2020-02-07 10:28:17'),
(856, 'toilet-paper', '&#xf71e;  toilet-paper', '2020-02-07 10:28:17', '2020-02-07 10:28:17'),
(857, 'toolbox', '&#xf552;  toolbox', '2020-02-07 10:28:17', '2020-02-07 10:28:17'),
(858, 'tools', '&#xf7d9;  tools', '2020-02-07 10:28:17', '2020-02-07 10:28:17'),
(859, 'tooth', '&#xf5c9;  tooth', '2020-02-07 10:28:17', '2020-02-07 10:28:17'),
(860, 'torah', '&#xf6a0;  torah', '2020-02-07 10:28:17', '2020-02-07 10:28:17'),
(861, 'torii-gate', '&#xf6a1;  torii-gate', '2020-02-07 10:28:17', '2020-02-07 10:28:17'),
(862, 'tractor', '&#xf722;  tractor', '2020-02-07 10:28:17', '2020-02-07 10:28:17'),
(863, 'trademark', '&#xf25c;  trademark', '2020-02-07 10:28:17', '2020-02-07 10:28:17'),
(864, 'traffic-light', '&#xf637;  traffic-light', '2020-02-07 10:28:17', '2020-02-07 10:28:17'),
(865, 'train', '&#xf238;  train', '2020-02-07 10:28:17', '2020-02-07 10:28:17'),
(866, 'tram', '&#xf7da;  tram', '2020-02-07 10:28:17', '2020-02-07 10:28:17'),
(867, 'transgender', '&#xf224;  transgender', '2020-02-07 10:28:17', '2020-02-07 10:28:17'),
(868, 'transgender-alt', '&#xf225;  transgender-alt', '2020-02-07 10:28:17', '2020-02-07 10:28:17'),
(869, 'trash', '&#xf1f8;  trash', '2020-02-07 10:28:17', '2020-02-07 10:28:17'),
(870, 'trash-alt', '&#xf2ed;  trash-alt', '2020-02-07 10:28:17', '2020-02-07 10:28:17'),
(871, 'trash-restore', '&#xf829;  trash-restore', '2020-02-07 10:28:17', '2020-02-07 10:28:17'),
(872, 'trash-restore-alt', '&#xf82a;  trash-restore-alt', '2020-02-07 10:28:17', '2020-02-07 10:28:17'),
(873, 'tree', '&#xf1bb;  tree', '2020-02-07 10:28:17', '2020-02-07 10:28:17'),
(874, 'trophy', '&#xf091;  trophy', '2020-02-07 10:28:17', '2020-02-07 10:28:17'),
(875, 'truck', '&#xf0d1;  truck', '2020-02-07 10:28:17', '2020-02-07 10:28:17'),
(876, 'truck-loading', '&#xf4de;  truck-loading', '2020-02-07 10:28:17', '2020-02-07 10:28:17'),
(877, 'truck-monster', '&#xf63b;  truck-monster', '2020-02-07 10:28:17', '2020-02-07 10:28:17'),
(878, 'truck-moving', '&#xf4df;  truck-moving', '2020-02-07 10:28:17', '2020-02-07 10:28:17'),
(879, 'truck-pickup', '&#xf63c;  truck-pickup', '2020-02-07 10:28:17', '2020-02-07 10:28:17'),
(880, 'tshirt', '&#xf553;  tshirt', '2020-02-07 10:28:17', '2020-02-07 10:28:17'),
(881, 'tty', '&#xf1e4;  tty', '2020-02-07 10:28:17', '2020-02-07 10:28:17'),
(882, 'tv', '&#xf26c;  tv', '2020-02-07 10:28:17', '2020-02-07 10:28:17'),
(883, 'umbrella', '&#xf0e9;  umbrella', '2020-02-07 10:28:17', '2020-02-07 10:28:17'),
(884, 'umbrella-beach', '&#xf5ca;  umbrella-beach', '2020-02-07 10:28:17', '2020-02-07 10:28:17'),
(885, 'underline', '&#xf0cd;  underline', '2020-02-07 10:28:17', '2020-02-07 10:28:17'),
(886, 'undo', '&#xf0e2;  undo', '2020-02-07 10:28:17', '2020-02-07 10:28:17'),
(887, 'undo-alt', '&#xf2ea;  undo-alt', '2020-02-07 10:28:17', '2020-02-07 10:28:17'),
(888, 'universal-access', '&#xf29a;  universal-access', '2020-02-07 10:28:17', '2020-02-07 10:28:17'),
(889, 'university', '&#xf19c;  university', '2020-02-07 10:28:17', '2020-02-07 10:28:17'),
(890, 'unlink', '&#xf127;  unlink', '2020-02-07 10:28:17', '2020-02-07 10:28:17'),
(891, 'unlock', '&#xf09c;  unlock', '2020-02-07 10:28:17', '2020-02-07 10:28:17'),
(892, 'unlock-alt', '&#xf13e;  unlock-alt', '2020-02-07 10:28:17', '2020-02-07 10:28:17'),
(893, 'upload', '&#xf093;  upload', '2020-02-07 10:28:17', '2020-02-07 10:28:17'),
(894, 'user', '&#xf007;  user', '2020-02-07 10:28:17', '2020-02-07 10:28:17'),
(895, 'user-alt', '&#xf406;  user-alt', '2020-02-07 10:28:17', '2020-02-07 10:28:17'),
(896, 'user-alt-slash', '&#xf4fa;  user-alt-slash', '2020-02-07 10:28:17', '2020-02-07 10:28:17'),
(897, 'user-astronaut', '&#xf4fb;  user-astronaut', '2020-02-07 10:28:17', '2020-02-07 10:28:17'),
(898, 'user-check', '&#xf4fc;  user-check', '2020-02-07 10:28:17', '2020-02-07 10:28:17'),
(899, 'user-circle', '&#xf2bd;  user-circle', '2020-02-07 10:28:17', '2020-02-07 10:28:17'),
(900, 'user-clock', '&#xf4fd;  user-clock', '2020-02-07 10:28:17', '2020-02-07 10:28:17'),
(901, 'user-cog', '&#xf4fe;  user-cog', '2020-02-07 10:28:17', '2020-02-07 10:28:17'),
(902, 'user-edit', '&#xf4ff;  user-edit', '2020-02-07 10:28:17', '2020-02-07 10:28:17'),
(903, 'user-friends', '&#xf500;  user-friends', '2020-02-07 10:28:17', '2020-02-07 10:28:17'),
(904, 'user-graduate', '&#xf501;  user-graduate', '2020-02-07 10:28:17', '2020-02-07 10:28:17'),
(905, 'user-injured', '&#xf728;  user-injured', '2020-02-07 10:28:17', '2020-02-07 10:28:17'),
(906, 'user-lock', '&#xf502;  user-lock', '2020-02-07 10:28:17', '2020-02-07 10:28:17'),
(907, 'user-md', '&#xf0f0;  user-md', '2020-02-07 10:28:17', '2020-02-07 10:28:17'),
(908, 'user-minus', '&#xf503;  user-minus', '2020-02-07 10:28:17', '2020-02-07 10:28:17'),
(909, 'user-ninja', '&#xf504;  user-ninja', '2020-02-07 10:28:17', '2020-02-07 10:28:17'),
(910, 'user-nurse', '&#xf82f;  user-nurse', '2020-02-07 10:28:17', '2020-02-07 10:28:17'),
(911, 'user-plus', '&#xf234;  user-plus', '2020-02-07 10:28:17', '2020-02-07 10:28:17'),
(912, 'user-secret', '&#xf21b;  user-secret', '2020-02-07 10:28:17', '2020-02-07 10:28:17'),
(913, 'user-shield', '&#xf505;  user-shield', '2020-02-07 10:28:17', '2020-02-07 10:28:17'),
(914, 'user-slash', '&#xf506;  user-slash', '2020-02-07 10:28:17', '2020-02-07 10:28:17'),
(915, 'user-tag', '&#xf507;  user-tag', '2020-02-07 10:28:17', '2020-02-07 10:28:17'),
(916, 'user-tie', '&#xf508;  user-tie', '2020-02-07 10:28:17', '2020-02-07 10:28:17'),
(917, 'user-times', '&#xf235;  user-times', '2020-02-07 10:28:17', '2020-02-07 10:28:17'),
(918, 'users', '&#xf0c0;  users', '2020-02-07 10:28:17', '2020-02-07 10:28:17'),
(919, 'users-cog', '&#xf509;  users-cog', '2020-02-07 10:28:17', '2020-02-07 10:28:17'),
(920, 'utensil-spoon', '&#xf2e5;  utensil-spoon', '2020-02-07 10:28:17', '2020-02-07 10:28:17'),
(921, 'utensils', '&#xf2e7;  utensils', '2020-02-07 10:28:17', '2020-02-07 10:28:17'),
(922, 'vector-square', '&#xf5cb;  vector-square', '2020-02-07 10:28:17', '2020-02-07 10:28:17'),
(923, 'venus', '&#xf221;  venus', '2020-02-07 10:28:17', '2020-02-07 10:28:17'),
(924, 'venus-double', '&#xf226;  venus-double', '2020-02-07 10:28:17', '2020-02-07 10:28:17'),
(925, 'venus-mars', '&#xf228;  venus-mars', '2020-02-07 10:28:17', '2020-02-07 10:28:17'),
(926, 'vial', '&#xf492;  vial', '2020-02-07 10:28:17', '2020-02-07 10:28:17'),
(927, 'vials', '&#xf493;  vials', '2020-02-07 10:28:17', '2020-02-07 10:28:17'),
(928, 'video', '&#xf03d;  video', '2020-02-07 10:28:17', '2020-02-07 10:28:17'),
(929, 'video-slash', '&#xf4e2;  video-slash', '2020-02-07 10:28:17', '2020-02-07 10:28:17'),
(930, 'vihara', '&#xf6a7;  vihara', '2020-02-07 10:28:17', '2020-02-07 10:28:17'),
(931, 'voicemail', '&#xf897;  voicemail', '2020-02-07 10:28:17', '2020-02-07 10:28:17'),
(932, 'volleyball-ball', '&#xf45f;  volleyball-ball', '2020-02-07 10:28:17', '2020-02-07 10:28:17'),
(933, 'volume-down', '&#xf027;  volume-down', '2020-02-07 10:28:17', '2020-02-07 10:28:17'),
(934, 'volume-mute', '&#xf6a9;  volume-mute', '2020-02-07 10:28:17', '2020-02-07 10:28:17'),
(935, 'volume-off', '&#xf026;  volume-off', '2020-02-07 10:28:17', '2020-02-07 10:28:17'),
(936, 'volume-up', '&#xf028;  volume-up', '2020-02-07 10:28:17', '2020-02-07 10:28:17'),
(937, 'vote-yea', '&#xf772;  vote-yea', '2020-02-07 10:28:17', '2020-02-07 10:28:17'),
(938, 'vr-cardboard', '&#xf729;  vr-cardboard', '2020-02-07 10:28:17', '2020-02-07 10:28:17'),
(939, 'walking', '&#xf554;  walking', '2020-02-07 10:28:17', '2020-02-07 10:28:17'),
(940, 'wallet', '&#xf555;  wallet', '2020-02-07 10:28:17', '2020-02-07 10:28:17'),
(941, 'warehouse', '&#xf494;  warehouse', '2020-02-07 10:28:17', '2020-02-07 10:28:17'),
(942, 'water', '&#xf773;  water', '2020-02-07 10:28:17', '2020-02-07 10:28:17'),
(943, 'wave-square', '&#xf83e;  wave-square', '2020-02-07 10:28:17', '2020-02-07 10:28:17'),
(944, 'weight', '&#xf496;  weight', '2020-02-07 10:28:17', '2020-02-07 10:28:17'),
(945, 'weight-hanging', '&#xf5cd;  weight-hanging', '2020-02-07 10:28:17', '2020-02-07 10:28:17'),
(946, 'wheelchair', '&#xf193;  wheelchair', '2020-02-07 10:28:17', '2020-02-07 10:28:17'),
(947, 'wifi', '&#xf1eb;  wifi', '2020-02-07 10:28:17', '2020-02-07 10:28:17'),
(948, 'wind', '&#xf72e;  wind', '2020-02-07 10:28:17', '2020-02-07 10:28:17'),
(949, 'window-close', '&#xf410;  window-close', '2020-02-07 10:28:17', '2020-02-07 10:28:17'),
(950, 'window-maximize', '&#xf2d0;  window-maximize', '2020-02-07 10:28:17', '2020-02-07 10:28:17'),
(951, 'window-minimize', '&#xf2d1;  window-minimize', '2020-02-07 10:28:17', '2020-02-07 10:28:17'),
(952, 'window-restore', '&#xf2d2;  window-restore', '2020-02-07 10:28:17', '2020-02-07 10:28:17'),
(953, 'wine-bottle', '&#xf72f;  wine-bottle', '2020-02-07 10:28:17', '2020-02-07 10:28:17'),
(954, 'wine-glass', '&#xf4e3;  wine-glass', '2020-02-07 10:28:17', '2020-02-07 10:28:17'),
(955, 'wine-glass-alt', '&#xf5ce;  wine-glass-alt', '2020-02-07 10:28:17', '2020-02-07 10:28:17'),
(956, 'won-sign', '&#xf159;  won-sign', '2020-02-07 10:28:17', '2020-02-07 10:28:17'),
(957, 'wrench', '&#xf0ad;  wrench', '2020-02-07 10:28:17', '2020-02-07 10:28:17'),
(958, 'x-ray', '&#xf497;  x-ray', '2020-02-07 10:28:17', '2020-02-07 10:28:17'),
(959, 'yen-sign', '&#xf157;  yen-sign', '2020-02-07 10:28:17', '2020-02-07 10:28:17'),
(960, 'yin-yang', '&#xf6ad;  yin-yang', '2020-02-07 10:28:17', '2020-02-07 10:28:17');

-- --------------------------------------------------------

--
-- Table structure for table `amenities_types`
--

DROP TABLE IF EXISTS `amenities_types`;
CREATE TABLE IF NOT EXISTS `amenities_types` (
  `id` int(11) NOT NULL AUTO_INCREMENT,
  `name` text NOT NULL,
  `nameAr` text,
  `createdAt` datetime NOT NULL,
  `updatedAt` datetime DEFAULT NULL,
  PRIMARY KEY (`id`)
) ENGINE=InnoDB AUTO_INCREMENT=3 DEFAULT CHARSET=utf8;

--
-- Dumping data for table `amenities_types`
--

INSERT INTO `amenities_types` (`id`, `name`, `nameAr`, `createdAt`, `updatedAt`) VALUES
(1, 'Room Amenities', 'وسائل الراحة في الغرفة', '2020-02-07 10:28:17', '2020-02-07 10:28:17'),
(2, 'Property Amenities', 'وسائل الراحة في الممتلكات', '2020-02-07 10:28:17', '2020-02-07 10:28:17');

-- --------------------------------------------------------

--
-- Table structure for table `bed_types`
--

DROP TABLE IF EXISTS `bed_types`;
CREATE TABLE IF NOT EXISTS `bed_types` (
  `id` int(11) NOT NULL AUTO_INCREMENT,
  `name` text NOT NULL,
  `nameAr` text,
  `createdAt` datetime NOT NULL,
  `updatedAt` datetime DEFAULT NULL,
  PRIMARY KEY (`id`)
) ENGINE=InnoDB AUTO_INCREMENT=5 DEFAULT CHARSET=utf8;

--
-- Dumping data for table `bed_types`
--

INSERT INTO `bed_types` (`id`, `name`, `nameAr`, `createdAt`, `updatedAt`) VALUES
(1, 'Single bed', 'سرير مفرد', '2020-06-10 09:05:26', '2020-06-10 09:05:26'),
(2, 'Twin bed', 'سرير توأم', '2020-06-10 09:05:26', '2020-06-10 09:05:26'),
(3, 'King bed', 'سرير ملكي', '2020-06-10 09:05:26', '2020-06-10 09:05:26'),
(4, 'Triple bed', 'سرير ثلاثي', '2020-06-10 09:05:26', '2020-06-10 09:05:26');

-- --------------------------------------------------------

--
-- Table structure for table `bookings`
--

DROP TABLE IF EXISTS `bookings`;
CREATE TABLE IF NOT EXISTS `bookings` (
  `id` int(11) NOT NULL AUTO_INCREMENT,
  `adultCount` int(11) NOT NULL,
  `childCount` int(11) NOT NULL,
  `checkIn` date NOT NULL,
  `checkOut` date NOT NULL,
  `actualCheckOut` date DEFAULT NULL,
  `roomCount` int(11) NOT NULL,
  `finalPrice` float NOT NULL,
  `checkOutFinalPrice` float DEFAULT NULL,
  `cardUpdateNeeded` tinyint(1) DEFAULT NULL,
  `cardUpdateDate` datetime DEFAULT NULL,
  `cancellationAmount` float DEFAULT NULL,
  `createdAt` datetime NOT NULL,
  `updatedAt` datetime DEFAULT NULL,
  `bookingUserId` int(11) DEFAULT NULL,
  `bookingStatusId` int(11) DEFAULT NULL,
  `bookingLoyaltyId` int(11) DEFAULT NULL,
  `bookingPromoCodeId` int(11) DEFAULT NULL,
  `bookingCardId` int(11) DEFAULT NULL,
  `branchId` int(11) DEFAULT NULL,
  `userId` int(11) DEFAULT NULL,
  PRIMARY KEY (`id`),
  KEY `bookingUserId` (`bookingUserId`),
  KEY `bookingStatusId` (`bookingStatusId`),
  KEY `bookingLoyaltyId` (`bookingLoyaltyId`),
  KEY `bookingPromoCodeId` (`bookingPromoCodeId`),
  KEY `bookingCardId` (`bookingCardId`),
  KEY `branchId` (`branchId`),
  KEY `userId` (`userId`)
) ENGINE=InnoDB DEFAULT CHARSET=utf8;

-- --------------------------------------------------------

--
-- Table structure for table `booking_addons`
--

DROP TABLE IF EXISTS `booking_addons`;
CREATE TABLE IF NOT EXISTS `booking_addons` (
  `id` int(11) NOT NULL AUTO_INCREMENT,
  `price` float NOT NULL,
  `count` int(11) NOT NULL,
  `createdAt` datetime NOT NULL,
  `updatedAt` datetime DEFAULT NULL,
  `addonId` int(11) DEFAULT NULL,
  `bookingRoomId` int(11) DEFAULT NULL,
  PRIMARY KEY (`id`),
  KEY `addonId` (`addonId`),
  KEY `bookingRoomId` (`bookingRoomId`)
) ENGINE=InnoDB DEFAULT CHARSET=utf8;

-- --------------------------------------------------------

--
-- Table structure for table `booking_cancellations`
--

DROP TABLE IF EXISTS `booking_cancellations`;
CREATE TABLE IF NOT EXISTS `booking_cancellations` (
  `id` int(11) NOT NULL AUTO_INCREMENT,
  `date` date NOT NULL,
  `balanceAmount` float NOT NULL,
  `note` text NOT NULL,
  `createdAt` datetime NOT NULL,
  `updatedAt` datetime DEFAULT NULL,
  `bookingId` int(11) DEFAULT NULL,
  PRIMARY KEY (`id`),
  KEY `bookingId` (`bookingId`)
) ENGINE=InnoDB DEFAULT CHARSET=utf8;

-- --------------------------------------------------------

--
-- Table structure for table `booking_cards`
--

DROP TABLE IF EXISTS `booking_cards`;
CREATE TABLE IF NOT EXISTS `booking_cards` (
  `id` int(11) NOT NULL AUTO_INCREMENT,
  `creditCard` double NOT NULL,
  `cvc` int(11) NOT NULL,
  `expirationDate` varchar(255) NOT NULL,
  `name` varchar(255) NOT NULL,
  `createdAt` datetime NOT NULL,
  `updatedAt` datetime DEFAULT NULL,
  PRIMARY KEY (`id`)
) ENGINE=InnoDB DEFAULT CHARSET=utf8;

-- --------------------------------------------------------

--
-- Table structure for table `booking_loyalties`
--

DROP TABLE IF EXISTS `booking_loyalties`;
CREATE TABLE IF NOT EXISTS `booking_loyalties` (
  `id` int(11) NOT NULL AUTO_INCREMENT,
  `usedPoint` int(11) NOT NULL,
  `loyaltyValue` float NOT NULL,
  `createdAt` datetime NOT NULL,
  `updatedAt` datetime DEFAULT NULL,
  `bookingId` int(11) DEFAULT NULL,
  `loyaltyId` int(11) DEFAULT NULL,
  `userId` int(11) DEFAULT NULL,
  PRIMARY KEY (`id`),
  KEY `bookingId` (`bookingId`),
  KEY `loyaltyId` (`loyaltyId`),
  KEY `userId` (`userId`)
) ENGINE=InnoDB DEFAULT CHARSET=utf8;

-- --------------------------------------------------------

--
-- Table structure for table `booking_offers`
--

DROP TABLE IF EXISTS `booking_offers`;
CREATE TABLE IF NOT EXISTS `booking_offers` (
  `id` int(11) NOT NULL AUTO_INCREMENT,
  `offerPercent` float NOT NULL,
  `createdAt` datetime NOT NULL,
  `updatedAt` datetime DEFAULT NULL,
  `bookingRoomId` int(11) DEFAULT NULL,
  PRIMARY KEY (`id`),
  KEY `bookingRoomId` (`bookingRoomId`)
) ENGINE=InnoDB DEFAULT CHARSET=utf8;

-- --------------------------------------------------------

--
-- Table structure for table `booking_promo_codes`
--

DROP TABLE IF EXISTS `booking_promo_codes`;
CREATE TABLE IF NOT EXISTS `booking_promo_codes` (
  `id` int(11) NOT NULL AUTO_INCREMENT,
  `code` varchar(255) NOT NULL,
  `description` text NOT NULL,
  `descriptionAr` text NOT NULL,
  `discountPercent` int(11) NOT NULL,
  `createdAt` datetime NOT NULL,
  `updatedAt` datetime DEFAULT NULL,
  PRIMARY KEY (`id`)
) ENGINE=InnoDB DEFAULT CHARSET=utf8;

-- --------------------------------------------------------

--
-- Table structure for table `booking_rooms`
--

DROP TABLE IF EXISTS `booking_rooms`;
CREATE TABLE IF NOT EXISTS `booking_rooms` (
  `id` int(11) NOT NULL AUTO_INCREMENT,
  `BBATwoCount` int(11) NOT NULL,
  `BBAOneCount` int(11) NOT NULL,
  `ROAOneCount` int(11) NOT NULL,
  `ROATwoCount` int(11) NOT NULL,
  `BBATwoPrice` float NOT NULL,
  `BBAOnePrice` float NOT NULL,
  `ROAOnePrice` float NOT NULL,
  `ROATwoPrice` float NOT NULL,
  `createdAt` datetime NOT NULL,
  `updatedAt` datetime DEFAULT NULL,
  `bookingId` int(11) DEFAULT NULL,
  `roomId` int(11) DEFAULT NULL,
  PRIMARY KEY (`id`),
  KEY `bookingId` (`bookingId`),
  KEY `roomId` (`roomId`)
) ENGINE=InnoDB DEFAULT CHARSET=utf8;

-- --------------------------------------------------------

--
-- Table structure for table `booking_room_dates`
--

DROP TABLE IF EXISTS `booking_room_dates`;
CREATE TABLE IF NOT EXISTS `booking_room_dates` (
  `id` int(11) NOT NULL AUTO_INCREMENT,
  `bookedCount` int(11) NOT NULL,
  `createdAt` datetime NOT NULL,
  `updatedAt` datetime DEFAULT NULL,
  `roomDateId` int(11) DEFAULT NULL,
  `roomId` int(11) DEFAULT NULL,
  `bookingId` int(11) DEFAULT NULL,
  PRIMARY KEY (`id`),
  KEY `roomDateId` (`roomDateId`),
  KEY `roomId` (`roomId`),
  KEY `bookingId` (`bookingId`)
) ENGINE=InnoDB DEFAULT CHARSET=utf8;

-- --------------------------------------------------------

--
-- Table structure for table `booking_statuses`
--

DROP TABLE IF EXISTS `booking_statuses`;
CREATE TABLE IF NOT EXISTS `booking_statuses` (
  `id` int(11) NOT NULL AUTO_INCREMENT,
  `name` text NOT NULL,
  `nameAr` text,
  `createdAt` datetime NOT NULL,
  `updatedAt` datetime DEFAULT NULL,
  PRIMARY KEY (`id`)
) ENGINE=InnoDB AUTO_INCREMENT=8 DEFAULT CHARSET=utf8;

--
-- Dumping data for table `booking_statuses`
--

INSERT INTO `booking_statuses` (`id`, `name`, `nameAr`, `createdAt`, `updatedAt`) VALUES
(1, 'User Detail Pending', 'تفاصيل المستخدم معلقة', '2020-05-25 07:47:13', '2020-05-25 07:47:13'),
(2, 'Payment Pending', 'انتظار الدفع', '2020-05-25 07:47:13', '2020-05-25 07:47:13'),
(3, 'Completed', 'منجز', '2020-05-25 07:47:13', '2020-05-25 07:47:13'),
(4, 'Cancelled', 'ألغيت', '2020-05-25 07:47:13', '2020-05-25 07:47:13'),
(5, 'No Show', 'لا يوجد عرض', '2020-05-25 07:47:13', '2020-05-25 07:47:13'),
(6, 'Invalid', 'غير صالحة', '2020-05-25 07:47:13', '2020-05-25 07:47:13'),
(7, 'Checkout', 'الدفع', '2020-05-25 07:47:13', '2020-05-25 07:47:13');

-- --------------------------------------------------------

--
-- Table structure for table `booking_users`
--

DROP TABLE IF EXISTS `booking_users`;
CREATE TABLE IF NOT EXISTS `booking_users` (
  `id` int(11) NOT NULL AUTO_INCREMENT,
  `fName` varchar(255) NOT NULL,
  `lName` varchar(255) NOT NULL,
  `email` varchar(255) NOT NULL,
  `phone` double(10,0) NOT NULL,
  `createdAt` datetime NOT NULL,
  `updatedAt` datetime DEFAULT NULL,
  PRIMARY KEY (`id`)
) ENGINE=InnoDB DEFAULT CHARSET=utf8;

-- --------------------------------------------------------

--
-- Table structure for table `branches`
--

DROP TABLE IF EXISTS `branches`;
CREATE TABLE IF NOT EXISTS `branches` (
  `id` int(11) NOT NULL AUTO_INCREMENT,
  `name` text NOT NULL,
  `nameAr` text,
  `description` text NOT NULL,
  `descriptionAr` text NOT NULL,
  `address` text NOT NULL,
  `addressAr` text,
  `status` tinyint(1) NOT NULL,
  `lat` double NOT NULL,
  `lng` double NOT NULL,
  `rating` int(11) DEFAULT NULL,
  `createdAt` datetime NOT NULL,
  `updatedAt` datetime DEFAULT NULL,
  `userId` int(11) DEFAULT NULL,
  PRIMARY KEY (`id`),
  KEY `userId` (`userId`)
) ENGINE=InnoDB DEFAULT CHARSET=utf8;

-- --------------------------------------------------------

--
-- Table structure for table `branch_images`
--

DROP TABLE IF EXISTS `branch_images`;
CREATE TABLE IF NOT EXISTS `branch_images` (
  `id` int(11) NOT NULL AUTO_INCREMENT,
  `path` text NOT NULL,
  `createdAt` datetime NOT NULL,
  `updatedAt` datetime DEFAULT NULL,
  `branchId` int(11) DEFAULT NULL,
  PRIMARY KEY (`id`),
  KEY `branchId` (`branchId`)
) ENGINE=InnoDB DEFAULT CHARSET=utf8;

-- --------------------------------------------------------

--
-- Table structure for table `branch_nearest_categories`
--

DROP TABLE IF EXISTS `branch_nearest_categories`;
CREATE TABLE IF NOT EXISTS `branch_nearest_categories` (
  `id` int(11) NOT NULL AUTO_INCREMENT,
  `name` text NOT NULL,
  `nameAr` text,
  `createdAt` datetime NOT NULL,
  `updatedAt` datetime DEFAULT NULL,
  `branchId` int(11) DEFAULT NULL,
  PRIMARY KEY (`id`),
  KEY `branchId` (`branchId`) USING BTREE
) ENGINE=InnoDB DEFAULT CHARSET=utf8;

-- --------------------------------------------------------

--
-- Table structure for table `branch_nearest_items`
--

DROP TABLE IF EXISTS `branch_nearest_items`;
CREATE TABLE IF NOT EXISTS `branch_nearest_items` (
  `id` int(11) NOT NULL AUTO_INCREMENT,
  `name` text NOT NULL,
  `nameAr` text,
  `description` text NOT NULL,
  `descriptionAr` text,
  `link` varchar(255) NOT NULL,
  `image` text NOT NULL,
  `createdAt` datetime NOT NULL,
  `updatedAt` datetime DEFAULT NULL,
  `branchNearestCategoryId` int(11) DEFAULT NULL,
  PRIMARY KEY (`id`),
  KEY `branchNearestCategoryId` (`branchNearestCategoryId`) USING BTREE
) ENGINE=InnoDB DEFAULT CHARSET=utf8;

-- --------------------------------------------------------

--
-- Table structure for table `branch_ratings`
--

DROP TABLE IF EXISTS `branch_ratings`;
CREATE TABLE IF NOT EXISTS `branch_ratings` (
  `id` int(11) NOT NULL AUTO_INCREMENT,
  `rating` int(11) NOT NULL,
  `message` varchar(255) NOT NULL,
  `createdAt` datetime NOT NULL,
  `updatedAt` datetime DEFAULT NULL,
  `userId` int(11) DEFAULT NULL,
  `branchId` int(11) DEFAULT NULL,
  `bookingId` int(11) DEFAULT NULL,
  PRIMARY KEY (`id`),
  KEY `userId` (`userId`),
  KEY `branchId` (`branchId`),
  KEY `bookingId` (`bookingId`)
) ENGINE=InnoDB DEFAULT CHARSET=utf8;

-- --------------------------------------------------------

--
-- Table structure for table `countries`
--

DROP TABLE IF EXISTS `countries`;
CREATE TABLE IF NOT EXISTS `countries` (
  `id` int(11) NOT NULL AUTO_INCREMENT,
  `name` text NOT NULL,
  `nameAr` text,
  `alpha` text NOT NULL,
  `code` int(11) NOT NULL,
  `createdAt` datetime NOT NULL,
  `updatedAt` datetime DEFAULT NULL,
  PRIMARY KEY (`id`)
) ENGINE=InnoDB AUTO_INCREMENT=222 DEFAULT CHARSET=utf8;

--
-- Dumping data for table `countries`
--

INSERT INTO `countries` (`id`, `name`, `nameAr`, `alpha`, `code`, `createdAt`, `updatedAt`) VALUES
(1, 'Afghanistan', 'أفغانستان', 'af', 93, '2020-02-07 10:28:17', '2020-02-07 10:28:17'),
(2, 'Albania', 'ألبانيا', 'al', 355, '2020-02-07 10:28:17', '2020-02-07 10:28:17'),
(3, 'Algeria', 'الجزائر', 'dz', 213, '2020-02-07 10:28:17', '2020-02-07 10:28:17'),
(4, 'American Samoa', 'ساموا الأمريكية', 'as', 1684, '2020-02-07 10:28:17', '2020-02-07 10:28:17'),
(5, 'Andorra', 'أندورا', 'ad', 376, '2020-02-07 10:28:17', '2020-02-07 10:28:17'),
(6, 'Angola', 'أنغولا', 'ao', 244, '2020-02-07 10:28:17', '2020-02-07 10:28:17'),
(7, 'Anguilla', 'أنغيلا', 'ai', 1264, '2020-02-07 10:28:17', '2020-02-07 10:28:17'),
(8, 'Antigua and Barbuda', 'أنتيغوا وبربودا', 'ag', 1268, '2020-02-07 10:28:17', '2020-02-07 10:28:17'),
(9, 'Argentina', 'الأرجنتين', 'ar', 54, '2020-02-07 10:28:17', '2020-02-07 10:28:17'),
(10, 'Armenia', 'أرمينيا', 'am', 374, '2020-02-07 10:28:17', '2020-02-07 10:28:17'),
(11, 'Aruba', 'أروبا', 'aw', 297, '2020-02-07 10:28:17', '2020-02-07 10:28:17'),
(12, 'Australia', 'أستراليا', 'au', 61, '2020-02-07 10:28:17', '2020-02-07 10:28:17'),
(13, 'Austria', 'النمسا', 'at', 43, '2020-02-07 10:28:17', '2020-02-07 10:28:17'),
(14, 'Azerbaijan', 'أذربيجان', 'az', 994, '2020-02-07 10:28:17', '2020-02-07 10:28:17'),
(15, 'Bahamas', 'الباهاما', 'bs', 1242, '2020-02-07 10:28:17', '2020-02-07 10:28:17'),
(16, 'Bahrain', 'البحرين', 'bh', 973, '2020-02-07 10:28:17', '2020-02-07 10:28:17'),
(17, 'Bangladesh', 'بنغلاديش', 'bd', 880, '2020-02-07 10:28:17', '2020-02-07 10:28:17'),
(18, 'Barbados', 'بربادوس', 'bb', 1246, '2020-02-07 10:28:17', '2020-02-07 10:28:17'),
(19, 'Belarus', 'روسيا البيضاء', 'by', 375, '2020-02-07 10:28:17', '2020-02-07 10:28:17'),
(20, 'Belgium', 'بلجيكا', 'be', 32, '2020-02-07 10:28:17', '2020-02-07 10:28:17'),
(21, 'Belize', 'بليز', 'bz', 501, '2020-02-07 10:28:17', '2020-02-07 10:28:17'),
(22, 'Benin', 'بنين', 'bj', 229, '2020-02-07 10:28:17', '2020-02-07 10:28:17'),
(23, 'Bermuda', 'برمودا', 'bm', 1441, '2020-02-07 10:28:17', '2020-02-07 10:28:17'),
(24, 'Bhutan', 'بوتان', 'bt', 975, '2020-02-07 10:28:17', '2020-02-07 10:28:17'),
(25, 'Bolivia', 'بوليفيا', 'bo', 591, '2020-02-07 10:28:17', '2020-02-07 10:28:17'),
(26, 'Bosnia and Herzegovina', 'البوسنة والهرسك', 'ba', 387, '2020-02-07 10:28:17', '2020-02-07 10:28:17'),
(27, 'Botswana', 'بوتسوانا', 'bw', 267, '2020-02-07 10:28:17', '2020-02-07 10:28:17'),
(28, 'Brazil', 'البرازيل', 'br', 55, '2020-02-07 10:28:17', '2020-02-07 10:28:17'),
(29, 'Brunei Darussalam', 'بروناي دار السلام', 'bn', 673, '2020-02-07 10:28:17', '2020-02-07 10:28:17'),
(30, 'Bulgaria', 'بلغاريا', 'bg', 359, '2020-02-07 10:28:17', '2020-02-07 10:28:17'),
(31, 'Burkina Faso', 'بوركينا فاسو', 'bf', 226, '2020-02-07 10:28:17', '2020-02-07 10:28:17'),
(32, 'Burundi', 'بوروندي', 'bi', 257, '2020-02-07 10:28:17', '2020-02-07 10:28:17'),
(33, 'Cambodia', 'كمبوديا', 'kh', 855, '2020-02-07 10:28:17', '2020-02-07 10:28:17'),
(34, 'Cameroon', 'الكاميرون', 'cm', 237, '2020-02-07 10:28:17', '2020-02-07 10:28:17'),
(35, 'Canada', 'كندا', 'ca', 1, '2020-02-07 10:28:17', '2020-02-07 10:28:17'),
(36, 'Cape Verde', 'الرأس الأخضر', 'cv', 238, '2020-02-07 10:28:17', '2020-02-07 10:28:17'),
(37, 'Cayman Islands', 'جزر كايمان', 'ky', 1345, '2020-02-07 10:28:17', '2020-02-07 10:28:17'),
(38, 'Central African Republic', 'جمهورية افريقيا الوسطى', 'cf', 236, '2020-02-07 10:28:17', '2020-02-07 10:28:17'),
(39, 'Chad', 'تشاد', 'td', 235, '2020-02-07 10:28:17', '2020-02-07 10:28:17'),
(40, 'Chile', 'تشيلي', 'cl', 56, '2020-02-07 10:28:17', '2020-02-07 10:28:17'),
(41, 'China', 'الصين', 'cn', 86, '2020-02-07 10:28:17', '2020-02-07 10:28:17'),
(42, 'Colombia', 'كولومبيا', 'co', 57, '2020-02-07 10:28:17', '2020-02-07 10:28:17'),
(43, 'Comoros', 'جزر القمر', 'km', 269, '2020-02-07 10:28:17', '2020-02-07 10:28:17'),
(44, 'Congo (DRC)', 'الكونغو (جمهورية الكونغو الديمقراطية)', 'cd', 243, '2020-02-07 10:28:17', '2020-02-07 10:28:17'),
(45, 'Congo (Republic)', 'جمهورية الكونغو', 'cg', 242, '2020-02-07 10:28:17', '2020-02-07 10:28:17'),
(46, 'Cook Islands', 'جزر كوك', 'ck', 682, '2020-02-07 10:28:17', '2020-02-07 10:28:17'),
(47, 'Costa Rica', 'كوستاريكا', 'cr', 506, '2020-02-07 10:28:17', '2020-02-07 10:28:17'),
(48, 'Ivory Coast', 'ساحل العاج', 'ci', 225, '2020-02-07 10:28:17', '2020-02-07 10:28:17'),
(49, 'Croatia', 'كرواتيا', 'hr', 385, '2020-02-07 10:28:17', '2020-02-07 10:28:17'),
(50, 'Cuba', 'كوبا', 'cu', 53, '2020-02-07 10:28:17', '2020-02-07 10:28:17'),
(51, 'Cyprus', 'قبرص', 'cy', 357, '2020-02-07 10:28:17', '2020-02-07 10:28:17'),
(52, 'Czech Republic', 'جمهورية التشيك', 'cz', 420, '2020-02-07 10:28:17', '2020-02-07 10:28:17'),
(53, 'Denmark', 'الدنمارك', 'dk', 45, '2020-02-07 10:28:17', '2020-02-07 10:28:17'),
(54, 'Djibouti', 'جيبوتي', 'dj', 253, '2020-02-07 10:28:17', '2020-02-07 10:28:17'),
(55, 'Dominica', 'دومينيكا', 'dm', 1767, '2020-02-07 10:28:17', '2020-02-07 10:28:17'),
(56, 'Dominican Republic', 'جمهورية الدومنيكان', 'do', 1809, '2020-02-07 10:28:17', '2020-02-07 10:28:17'),
(57, 'Ecuador', 'الإكوادور', 'ec', 593, '2020-02-07 10:28:17', '2020-02-07 10:28:17'),
(58, 'Egypt', 'مصر', 'eg', 20, '2020-02-07 10:28:17', '2020-02-07 10:28:17'),
(59, 'El Salvador', 'السلفادور', 'sv', 503, '2020-02-07 10:28:17', '2020-02-07 10:28:17'),
(60, 'Equatorial Guinea', 'غينيا الإستوائية', 'gq', 240, '2020-02-07 10:28:17', '2020-02-07 10:28:17'),
(61, 'Eritrea', 'إريتريا', 'er', 291, '2020-02-07 10:28:17', '2020-02-07 10:28:17'),
(62, 'Estonia', 'استونيا', 'ee', 372, '2020-02-07 10:28:17', '2020-02-07 10:28:17'),
(63, 'Ethiopia', 'أثيوبيا', 'et', 251, '2020-02-07 10:28:17', '2020-02-07 10:28:17'),
(64, 'Faroe Islands', 'جزر فاروس', 'fo', 298, '2020-02-07 10:28:17', '2020-02-07 10:28:17'),
(65, 'Fiji', 'فيجي', 'fj', 679, '2020-02-07 10:28:17', '2020-02-07 10:28:17'),
(66, 'Finland', 'فنلندا', 'fi', 358, '2020-02-07 10:28:17', '2020-02-07 10:28:17'),
(67, 'France', 'فرنسا', 'fr', 33, '2020-02-07 10:28:17', '2020-02-07 10:28:17'),
(68, 'French Polynesia', 'بولينيزيا الفرنسية', 'pf', 689, '2020-02-07 10:28:17', '2020-02-07 10:28:17'),
(69, 'Gabon', 'الغابون', 'ga', 241, '2020-02-07 10:28:17', '2020-02-07 10:28:17'),
(70, 'Gambia', 'غامبيا', 'gm', 220, '2020-02-07 10:28:17', '2020-02-07 10:28:17'),
(71, 'Georgia', 'جورجيا', 'ge', 995, '2020-02-07 10:28:17', '2020-02-07 10:28:17'),
(72, 'Germany', 'ألمانيا', 'de', 49, '2020-02-07 10:28:17', '2020-02-07 10:28:17'),
(73, 'Ghana', 'غانا', 'gh', 233, '2020-02-07 10:28:17', '2020-02-07 10:28:17'),
(74, 'Gibraltar', 'جبل طارق', 'gi', 350, '2020-02-07 10:28:17', '2020-02-07 10:28:17'),
(75, 'Greece', 'اليونان', 'gr', 30, '2020-02-07 10:28:17', '2020-02-07 10:28:17'),
(76, 'Greenland', 'الأرض الخضراء', 'gl', 299, '2020-02-07 10:28:17', '2020-02-07 10:28:17'),
(77, 'Grenada', 'غرينادا', 'gd', 1473, '2020-02-07 10:28:17', '2020-02-07 10:28:17'),
(78, 'Guadeloupe', 'جوادلوب', 'gp', 590, '2020-02-07 10:28:17', '2020-02-07 10:28:17'),
(79, 'Guam', 'غوام', 'gu', 1671, '2020-02-07 10:28:17', '2020-02-07 10:28:17'),
(80, 'Guatemala', 'غواتيمالا', 'gt', 502, '2020-02-07 10:28:17', '2020-02-07 10:28:17'),
(81, 'Guernsey', 'غيرنسي', 'gg', 44, '2020-02-07 10:28:17', '2020-02-07 10:28:17'),
(82, 'Guinea', 'غينيا', 'gn', 224, '2020-02-07 10:28:17', '2020-02-07 10:28:17'),
(83, 'Guinea-Bissau', 'غينيا بيساو', 'gw', 245, '2020-02-07 10:28:17', '2020-02-07 10:28:17'),
(84, 'Guyana', 'غيانا', 'gy', 592, '2020-02-07 10:28:17', '2020-02-07 10:28:17'),
(85, 'Haiti', 'هايتي', 'ht', 509, '2020-02-07 10:28:17', '2020-02-07 10:28:17'),
(86, 'Honduras', 'هندوراس', 'hn', 504, '2020-02-07 10:28:17', '2020-02-07 10:28:17'),
(87, 'Hong Kong', 'هونج كونج', 'hk', 852, '2020-02-07 10:28:17', '2020-02-07 10:28:17'),
(88, 'Hungary', 'هنغاريا', 'hu', 36, '2020-02-07 10:28:17', '2020-02-07 10:28:17'),
(89, 'Iceland', 'أيسلندا', 'is', 354, '2020-02-07 10:28:17', '2020-02-07 10:28:17'),
(90, 'India', 'الهند', 'in', 91, '2020-02-07 10:28:17', '2020-02-07 10:28:17'),
(91, 'Indonesia', 'أندونيسيا', 'id', 62, '2020-02-07 10:28:17', '2020-02-07 10:28:17'),
(92, 'Iran', 'إيران', 'ir', 98, '2020-02-07 10:28:17', '2020-02-07 10:28:17'),
(93, 'Iraq', 'العراق', 'iq', 964, '2020-02-07 10:28:17', '2020-02-07 10:28:17'),
(94, 'Ireland', 'أيرلندا', 'ie', 353, '2020-02-07 10:28:17', '2020-02-07 10:28:17'),
(95, 'Isle of Man', 'جزيرة آيل أوف مان', 'im', 44, '2020-02-07 10:28:17', '2020-02-07 10:28:17'),
(96, 'Israel', 'إسرائيل', 'il', 972, '2020-02-07 10:28:17', '2020-02-07 10:28:17'),
(97, 'Italy', 'إيطاليا', 'it', 39, '2020-02-07 10:28:17', '2020-02-07 10:28:17'),
(98, 'Jamaica', 'جامايكا', 'jm', 1876, '2020-02-07 10:28:17', '2020-02-07 10:28:17'),
(99, 'Japan', 'اليابان', 'jp', 81, '2020-02-07 10:28:17', '2020-02-07 10:28:17'),
(100, 'Jersey', 'جيرسي', 'je', 44, '2020-02-07 10:28:17', '2020-02-07 10:28:17'),
(101, 'Jordan', 'الأردن', 'jo', 962, '2020-02-07 10:28:17', '2020-02-07 10:28:17'),
(102, 'Kazakhstan', 'كازاخستان', 'kz', 7, '2020-02-07 10:28:17', '2020-02-07 10:28:17'),
(103, 'Kenya', 'كينيا', 'ke', 254, '2020-02-07 10:28:17', '2020-02-07 10:28:17'),
(104, 'Kiribati', 'كيريباس', 'ki', 686, '2020-02-07 10:28:17', '2020-02-07 10:28:17'),
(105, 'Kuwait', 'الكويت', 'kw', 965, '2020-02-07 10:28:17', '2020-02-07 10:28:17'),
(106, 'Kyrgyzstan', 'قرغيزستان', 'kg', 996, '2020-02-07 10:28:17', '2020-02-07 10:28:17'),
(107, 'Laos', 'لاوس', 'la', 856, '2020-02-07 10:28:17', '2020-02-07 10:28:17'),
(108, 'Latvia', 'لاتفيا', 'lv', 371, '2020-02-07 10:28:17', '2020-02-07 10:28:17'),
(109, 'Lebanon', 'لبنان', 'lb', 961, '2020-02-07 10:28:17', '2020-02-07 10:28:17'),
(110, 'Lesotho', 'ليسوتو', 'ls', 266, '2020-02-07 10:28:17', '2020-02-07 10:28:17'),
(111, 'Liberia', 'ليبيريا', 'lr', 231, '2020-02-07 10:28:17', '2020-02-07 10:28:17'),
(112, 'Libya', 'ليبيا', 'ly', 218, '2020-02-07 10:28:17', '2020-02-07 10:28:17'),
(113, 'Liechtenstein', 'ليختنشتاين', 'li', 423, '2020-02-07 10:28:17', '2020-02-07 10:28:17'),
(114, 'Lithuania', 'ليتوانيا', 'lt', 370, '2020-02-07 10:28:17', '2020-02-07 10:28:17'),
(115, 'Luxembourg', 'لوكسمبورغ', 'lu', 352, '2020-02-07 10:28:17', '2020-02-07 10:28:17'),
(116, 'Macao', 'ماكاو', 'mo', 853, '2020-02-07 10:28:17', '2020-02-07 10:28:17'),
(117, 'Macedonia', 'مقدونيا', 'mk', 389, '2020-02-07 10:28:17', '2020-02-07 10:28:17'),
(118, 'Madagascar', 'مدغشقر', 'mg', 261, '2020-02-07 10:28:17', '2020-02-07 10:28:17'),
(119, 'Malawi', 'مالاوي', 'mw', 265, '2020-02-07 10:28:17', '2020-02-07 10:28:17'),
(120, 'Malaysia', 'ماليزيا', 'my', 60, '2020-02-07 10:28:17', '2020-02-07 10:28:17'),
(121, 'Maldives', 'جزر المالديف', 'mv', 960, '2020-02-07 10:28:17', '2020-02-07 10:28:17'),
(122, 'Mali', 'مالي', 'ml', 223, '2020-02-07 10:28:17', '2020-02-07 10:28:17'),
(123, 'Malta', 'مالطا', 'mt', 356, '2020-02-07 10:28:17', '2020-02-07 10:28:17'),
(124, 'Marshall Islands', 'جزر مارشال', 'mh', 692, '2020-02-07 10:28:17', '2020-02-07 10:28:17'),
(125, 'Martinique', 'مارتينيك', 'mq', 596, '2020-02-07 10:28:17', '2020-02-07 10:28:17'),
(126, 'Mauritania', 'موريتانيا', 'mr', 222, '2020-02-07 10:28:17', '2020-02-07 10:28:17'),
(127, 'Mauritius', 'موريشيوس', 'mu', 230, '2020-02-07 10:28:17', '2020-02-07 10:28:17'),
(128, 'Mexico', 'المكسيك', 'mx', 52, '2020-02-07 10:28:17', '2020-02-07 10:28:17'),
(129, 'Micronesia', 'ميكرونيزيا', 'fm', 691, '2020-02-07 10:28:17', '2020-02-07 10:28:17'),
(130, 'Moldova', 'مولدافيا', 'md', 373, '2020-02-07 10:28:17', '2020-02-07 10:28:17'),
(131, 'Monaco', 'موناكو', 'mc', 377, '2020-02-07 10:28:17', '2020-02-07 10:28:17'),
(132, 'Mongolia', 'منغوليا', 'mn', 976, '2020-02-07 10:28:17', '2020-02-07 10:28:17'),
(133, 'Montenegro', 'الجبل الأسود', 'me', 382, '2020-02-07 10:28:17', '2020-02-07 10:28:17'),
(134, 'Montserrat', 'مونتسيرات', 'ms', 1664, '2020-02-07 10:28:17', '2020-02-07 10:28:17'),
(135, 'Morocco', 'المغرب', 'ma', 212, '2020-02-07 10:28:17', '2020-02-07 10:28:17'),
(136, 'Mozambique', 'موزمبيق', 'mz', 258, '2020-02-07 10:28:17', '2020-02-07 10:28:17'),
(137, 'Myanmar (Burma)', 'ميانمار (بورما)', 'mm', 95, '2020-02-07 10:28:17', '2020-02-07 10:28:17'),
(138, 'Namibia', 'ناميبيا', 'na', 264, '2020-02-07 10:28:17', '2020-02-07 10:28:17'),
(139, 'Nauru', 'ناورو', 'nr', 674, '2020-02-07 10:28:17', '2020-02-07 10:28:17'),
(140, 'Nepal', 'نيبال', 'np', 977, '2020-02-07 10:28:17', '2020-02-07 10:28:17'),
(141, 'Netherlands', 'هولندا', 'nl', 31, '2020-02-07 10:28:17', '2020-02-07 10:28:17'),
(142, 'New Caledonia', 'كاليدونيا الجديدة', 'nc', 687, '2020-02-07 10:28:17', '2020-02-07 10:28:17'),
(143, 'New Zealand', 'نيوزيلاندا', 'nz', 64, '2020-02-07 10:28:17', '2020-02-07 10:28:17'),
(144, 'Nicaragua', 'نيكاراغوا', 'ni', 505, '2020-02-07 10:28:17', '2020-02-07 10:28:17'),
(145, 'Niger', 'النيجر', 'ne', 227, '2020-02-07 10:28:17', '2020-02-07 10:28:17'),
(146, 'Nigeria', 'نيجيريا', 'ng', 234, '2020-02-07 10:28:17', '2020-02-07 10:28:17'),
(147, 'North Korea', 'كوريا الشماليه', 'kp', 850, '2020-02-07 10:28:17', '2020-02-07 10:28:17'),
(148, 'Norway', 'النرويج', 'no', 47, '2020-02-07 10:28:17', '2020-02-07 10:28:17'),
(149, 'Oman', 'عمان', 'om', 968, '2020-02-07 10:28:17', '2020-02-07 10:28:17'),
(150, 'Pakistan', 'باكستان', 'pk', 92, '2020-02-07 10:28:17', '2020-02-07 10:28:17'),
(151, 'Palau', 'بالاو', 'pw', 680, '2020-02-07 10:28:17', '2020-02-07 10:28:17'),
(152, 'Palestinian Territory', 'الأراضي الفلسطينية', 'ps', 970, '2020-02-07 10:28:17', '2020-02-07 10:28:17'),
(153, 'Panama', 'بناما', 'pa', 507, '2020-02-07 10:28:17', '2020-02-07 10:28:17'),
(154, 'Papua New Guinea', 'بابوا غينيا الجديدة', 'pg', 675, '2020-02-07 10:28:17', '2020-02-07 10:28:17'),
(155, 'Paraguay', 'باراغواي', 'py', 595, '2020-02-07 10:28:17', '2020-02-07 10:28:17'),
(156, 'Peru', 'بيرو', 'pe', 51, '2020-02-07 10:28:17', '2020-02-07 10:28:17'),
(157, 'Philippines', 'الفلبين', 'ph', 63, '2020-02-07 10:28:17', '2020-02-07 10:28:17'),
(158, 'Poland', 'بولندا', 'pl', 48, '2020-02-07 10:28:17', '2020-02-07 10:28:17'),
(159, 'Portugal', 'البرتغال', 'pt', 351, '2020-02-07 10:28:17', '2020-02-07 10:28:17'),
(160, 'Puerto Rico', 'بورتوريكو', 'pr', 1787, '2020-02-07 10:28:17', '2020-02-07 10:28:17'),
(161, 'Qatar', 'دولة قطر', 'qa', 974, '2020-02-07 10:28:17', '2020-02-07 10:28:17'),
(162, 'Reunion', 'جمع شمل', 're', 262, '2020-02-07 10:28:17', '2020-02-07 10:28:17'),
(163, 'Romania', 'رومانيا', 'ro', 40, '2020-02-07 10:28:17', '2020-02-07 10:28:17'),
(164, 'Russian Federation', 'الاتحاد الروسي', 'ru', 7, '2020-02-07 10:28:17', '2020-02-07 10:28:17'),
(165, 'Rwanda', 'رواندا', 'rw', 250, '2020-02-07 10:28:17', '2020-02-07 10:28:17'),
(166, 'Saint Kitts and Nevis', 'سانت كيتس ونيفيس', 'kn', 1869, '2020-02-07 10:28:17', '2020-02-07 10:28:17'),
(167, 'Saint Lucia', 'سانت لوسيا', 'lc', 1758, '2020-02-07 10:28:17', '2020-02-07 10:28:17'),
(168, 'Saint Vincent and the Grenadines', 'سانت فنسنت وجزر غرينادين', 'vc', 1784, '2020-02-07 10:28:17', '2020-02-07 10:28:17'),
(169, 'Samoa', 'ساموا', 'ws', 685, '2020-02-07 10:28:17', '2020-02-07 10:28:17'),
(170, 'San Marino', 'سان مارينو', 'sm', 378, '2020-02-07 10:28:17', '2020-02-07 10:28:17'),
(171, 'Sao Tome and Principe', 'ساو تومي وبرينسيبي', 'st', 239, '2020-02-07 10:28:17', '2020-02-07 10:28:17'),
(172, 'Saudi Arabia', 'المملكة العربية السعودية', 'sa', 966, '2020-02-07 10:28:17', '2020-02-07 10:28:17'),
(173, 'Senegal', 'السنغال', 'sn', 221, '2020-02-07 10:28:17', '2020-02-07 10:28:17'),
(174, 'Serbia', 'صربيا', 'rs', 381, '2020-02-07 10:28:17', '2020-02-07 10:28:17'),
(175, 'Seychelles', 'سيشيل', 'sc', 248, '2020-02-07 10:28:17', '2020-02-07 10:28:17'),
(176, 'Sierra Leone', 'سيراليون', 'sl', 232, '2020-02-07 10:28:17', '2020-02-07 10:28:17'),
(177, 'Singapore', 'سنغافورة', 'sg', 65, '2020-02-07 10:28:17', '2020-02-07 10:28:17'),
(178, 'Slovakia', 'سلوفاكيا', 'sk', 421, '2020-02-07 10:28:17', '2020-02-07 10:28:17'),
(179, 'Slovenia', 'سلوفينيا', 'si', 386, '2020-02-07 10:28:17', '2020-02-07 10:28:17'),
(180, 'Solomon Islands', 'جزر سليمان', 'sb', 677, '2020-02-07 10:28:17', '2020-02-07 10:28:17'),
(181, 'Somalia', 'الصومال', 'so', 252, '2020-02-07 10:28:17', '2020-02-07 10:28:17'),
(182, 'South Africa', 'جنوب أفريقيا', 'za', 27, '2020-02-07 10:28:17', '2020-02-07 10:28:17'),
(183, 'South Korea', 'كوريا الجنوبية', 'kr', 82, '2020-02-07 10:28:17', '2020-02-07 10:28:17'),
(184, 'Spain', 'إسبانيا', 'es', 34, '2020-02-07 10:28:17', '2020-02-07 10:28:17'),
(185, 'Sri Lanka', 'سيريلانكا', 'lk', 94, '2020-02-07 10:28:17', '2020-02-07 10:28:17'),
(186, 'Sudan', 'السودان', 'sd', 249, '2020-02-07 10:28:17', '2020-02-07 10:28:17'),
(187, 'Suriname', 'سورينام', 'sr', 597, '2020-02-07 10:28:17', '2020-02-07 10:28:17'),
(188, 'Swaziland', 'سوازيلاند', 'sz', 268, '2020-02-07 10:28:17', '2020-02-07 10:28:17'),
(189, 'Sweden', 'السويد', 'se', 46, '2020-02-07 10:28:17', '2020-02-07 10:28:17'),
(190, 'Switzerland', 'سويسرا', 'ch', 41, '2020-02-07 10:28:17', '2020-02-07 10:28:17'),
(191, 'Syrian Arab Republic', 'الجمهورية العربية السورية', 'sy', 963, '2020-02-07 10:28:17', '2020-02-07 10:28:17'),
(192, 'Taiwan, Province of China', 'مقاطعة تايوان الصينية', 'tw', 886, '2020-02-07 10:28:17', '2020-02-07 10:28:17'),
(193, 'Tajikistan', 'طاجيكستان', 'tj', 992, '2020-02-07 10:28:17', '2020-02-07 10:28:17'),
(194, 'Tanzania', 'تنزانيا', 'tz', 255, '2020-02-07 10:28:17', '2020-02-07 10:28:17'),
(195, 'Thailand', 'تايلاند', 'th', 66, '2020-02-07 10:28:17', '2020-02-07 10:28:17'),
(196, 'Timor-Leste', 'تيمور الشرقية', 'tl', 670, '2020-02-07 10:28:17', '2020-02-07 10:28:17'),
(197, 'Togo', 'توجو', 'tg', 228, '2020-02-07 10:28:17', '2020-02-07 10:28:17'),
(198, 'Tonga', 'تونغا', 'to', 676, '2020-02-07 10:28:17', '2020-02-07 10:28:17'),
(199, 'Trinidad and Tobago', 'ترينداد وتوباغو', 'tt', 1868, '2020-02-07 10:28:17', '2020-02-07 10:28:17'),
(200, 'Tunisia', 'تونس', 'tn', 216, '2020-02-07 10:28:17', '2020-02-07 10:28:17'),
(201, 'Turkey', 'ديك رومي', 'tr', 90, '2020-02-07 10:28:17', '2020-02-07 10:28:17'),
(202, 'Turkmenistan', 'تركمانستان', 'tm', 993, '2020-02-07 10:28:17', '2020-02-07 10:28:17'),
(203, 'Turks and Caicos Islands', 'جزر تركس وكايكوس', 'tc', 1649, '2020-02-07 10:28:17', '2020-02-07 10:28:17'),
(204, 'Tuvalu', 'توفالو', 'tv', 688, '2020-02-07 10:28:17', '2020-02-07 10:28:17'),
(205, 'Uganda', 'أوغندا', 'ug', 256, '2020-02-07 10:28:17', '2020-02-07 10:28:17'),
(206, 'Ukraine', 'أوكرانيا', 'ua', 380, '2020-02-07 10:28:17', '2020-02-07 10:28:17'),
(207, 'United Arab Emirates', 'الإمارات العربية المتحدة', 'ae', 971, '2020-02-07 10:28:17', '2020-02-07 10:28:17'),
(208, 'United Kingdom', 'المملكة المتحدة', 'gb', 44, '2020-02-07 10:28:17', '2020-02-07 10:28:17'),
(209, 'United States', 'الولايات المتحدة الأمريكية', 'us', 1, '2020-02-07 10:28:17', '2020-02-07 10:28:17'),
(210, 'Uruguay', 'أوروغواي', 'uy', 598, '2020-02-07 10:28:17', '2020-02-07 10:28:17'),
(211, 'Uzbekistan', 'أوزبكستان', 'uz', 998, '2020-02-07 10:28:17', '2020-02-07 10:28:17'),
(212, 'Vanuatu', 'فانواتو', 'vu', 678, '2020-02-07 10:28:17', '2020-02-07 10:28:17'),
(213, 'Vatican City', 'مدينة الفاتيكان', 'va', 379, '2020-02-07 10:28:17', '2020-02-07 10:28:17'),
(214, 'Venezuela', 'فنزويلا', 've', 58, '2020-02-07 10:28:17', '2020-02-07 10:28:17'),
(215, 'Viet Nam', 'فييت نام', 'vn', 84, '2020-02-07 10:28:17', '2020-02-07 10:28:17'),
(216, 'Virgin Islands (British)', 'جزر العذراء البريطانية)', 'vg', 1284, '2020-02-07 10:28:17', '2020-02-07 10:28:17'),
(217, 'Virgin Islands (U.S.)', 'جزر فيرجن (الولايات المتحدة)', 'vi', 1340, '2020-02-07 10:28:17', '2020-02-07 10:28:17'),
(218, 'Western Sahara', 'الصحراء الغربية', 'eh', 212, '2020-02-07 10:28:17', '2020-02-07 10:28:17'),
(219, 'Yemen', 'اليمن', 'ye', 967, '2020-02-07 10:28:17', '2020-02-07 10:28:17'),
(220, 'Zambia', 'زامبيا', 'zm', 260, '2020-02-07 10:28:17', '2020-02-07 10:28:17'),
(221, 'Zimbabwe', 'زيمبابوي', 'zw', 263, '2020-02-07 10:28:17', '2020-02-07 10:28:17');

-- --------------------------------------------------------

--
-- Table structure for table `events`
--

DROP TABLE IF EXISTS `events`;
CREATE TABLE IF NOT EXISTS `events` (
  `id` int(11) NOT NULL AUTO_INCREMENT,
  `name` text NOT NULL,
  `nameAr` text,
  `description` text NOT NULL,
  `descriptionAr` text,
  `image` text NOT NULL,
  `date` date NOT NULL,
  `featured` tinyint(1) NOT NULL,
  `createdAt` datetime NOT NULL,
  `updatedAt` datetime DEFAULT NULL,
  PRIMARY KEY (`id`)
) ENGINE=InnoDB AUTO_INCREMENT=3 DEFAULT CHARSET=utf8;

--
-- Dumping data for table `events`
--

INSERT INTO `events` (`id`, `name`, `nameAr`, `description`, `descriptionAr`, `image`, `date`, `featured`, `createdAt`, `updatedAt`) VALUES
(1, 'Qatar\'s biggest obstacle course race at Aspire Park today', 'أكبر سباق عقبة في قطر في أسباير بارك اليوم', 'Lorem Ipsum is simply dummy text of the printing and typesetting industry. Lorem Ipsum has been the industry\'s standard dummy', 'أبجد هوز هو مجرد دمية النص لصناعة الطباعة والتنضيد. وكان أبجد هوز الدمية القياسية في هذه الصناعة', 'uploads/events/eventImage_1581156231258_event 1.jpg', '2021-02-01', 1, '2020-02-08 10:03:51', '2020-02-08 10:03:54'),
(2, 'Event', 'حدث', 'Lorem Ipsum is simply dummy text of the printing and typesetting industry. Lorem Ipsum has been the industry\'s standard dummy', 'أبجد هوز هو مجرد دمية النص لصناعة الطباعة والتنضيد. وكان أبجد هوز الدمية القياسية في هذه الصناعة', 'uploads/events/eventImage_1581156286111_event 2.jpg', '2021-02-01', 1, '2020-02-08 10:04:46', '2020-02-08 10:06:10');

-- --------------------------------------------------------

--
-- Table structure for table `intro_banners`
--

DROP TABLE IF EXISTS `intro_banners`;
CREATE TABLE IF NOT EXISTS `intro_banners` (
  `id` int(11) NOT NULL AUTO_INCREMENT,
  `description` text NOT NULL,
  `descriptionAr` text,
  `image` text NOT NULL,
  `link` varchar(255) NOT NULL,
  `status` tinyint(1) NOT NULL,
  `createdAt` datetime NOT NULL,
  `updatedAt` datetime DEFAULT NULL,
  PRIMARY KEY (`id`)
) ENGINE=InnoDB AUTO_INCREMENT=2 DEFAULT CHARSET=utf8;

--
-- Dumping data for table `intro_banners`
--

INSERT INTO `intro_banners` (`id`, `description`, `descriptionAr`, `image`, `link`, `status`, `createdAt`, `updatedAt`) VALUES
(1, 'Flat 10 % Off !! on\nDomestic Booking.', 'شقة 10 ٪ من! على\nالحجز المحلي.', 'uploads/banners/introBanner_1581076673384_banner.jpg', 'http://www.lavillahospitality.com/detail/1', 1, '2020-02-07 10:44:42', '2020-02-18 13:41:07');

-- --------------------------------------------------------

--
-- Table structure for table `loyalties`
--

DROP TABLE IF EXISTS `loyalties`;
CREATE TABLE IF NOT EXISTS `loyalties` (
  `id` int(11) NOT NULL AUTO_INCREMENT,
  `minTotalBookingAmountPassLoyalty` float NOT NULL,
  `oneQAREqualPoint` float NOT NULL,
  `minTotalBookingAmountForUsing` float NOT NULL,
  `minTotalBookingAmountToGetLoyalty` float NOT NULL,
  `createdAt` datetime NOT NULL,
  `updatedAt` datetime DEFAULT NULL,
  PRIMARY KEY (`id`)
) ENGINE=InnoDB AUTO_INCREMENT=7 DEFAULT CHARSET=utf8;

--
-- Dumping data for table `loyalties`
--

INSERT INTO `loyalties` (`id`, `minTotalBookingAmountPassLoyalty`, `oneQAREqualPoint`, `minTotalBookingAmountForUsing`, `minTotalBookingAmountToGetLoyalty`, `createdAt`, `updatedAt`) VALUES
(1, 3000, 0.05, 300, 200, '2020-05-11 10:50:05', '2020-05-11 10:50:05'),
(2, 3500, 0.05, 300, 200, '2020-05-11 11:44:38', '2020-05-11 11:44:38'),
(3, 3000, 0.05, 300, 200, '2020-05-11 11:49:07', '2020-05-11 11:49:07'),
(4, 3100, 0.05, 300, 200, '2020-05-11 12:19:14', '2020-05-11 12:19:14'),
(5, 3000, 0.05, 300, 200, '2020-05-11 12:40:19', '2020-05-11 12:40:19'),
(6, 300, 0.05, 300, 200, '2020-05-26 11:56:54', '2020-05-26 11:56:54');

-- --------------------------------------------------------

--
-- Table structure for table `offers`
--

DROP TABLE IF EXISTS `offers`;
CREATE TABLE IF NOT EXISTS `offers` (
  `id` int(11) NOT NULL AUTO_INCREMENT,
  `offerPercent` int(11) NOT NULL,
  `status` tinyint(1) NOT NULL,
  `createdAt` datetime NOT NULL,
  `updatedAt` datetime DEFAULT NULL,
  `roomId` int(11) DEFAULT NULL,
  PRIMARY KEY (`id`),
  KEY `roomId` (`roomId`)
) ENGINE=InnoDB DEFAULT CHARSET=utf8;

-- --------------------------------------------------------

--
-- Table structure for table `promo_codes`
--

DROP TABLE IF EXISTS `promo_codes`;
CREATE TABLE IF NOT EXISTS `promo_codes` (
  `id` int(11) NOT NULL AUTO_INCREMENT,
  `code` varchar(255) NOT NULL,
  `description` text CHARACTER SET utf8mb4 COLLATE utf8mb4_bin NOT NULL,
  `descriptionAr` text CHARACTER SET utf8mb4 COLLATE utf8mb4_bin,
  `discountPercent` int(11) NOT NULL,
  `global` tinyint(1) NOT NULL,
  `expDate` date NOT NULL,
  `status` tinyint(1) NOT NULL,
  `createdAt` datetime NOT NULL,
  `updatedAt` datetime DEFAULT NULL,
  `branchId` int(11) DEFAULT NULL,
  PRIMARY KEY (`id`),
  UNIQUE KEY `code` (`code`),
  KEY `branchId` (`branchId`)
) ENGINE=InnoDB DEFAULT CHARSET=utf8;

-- --------------------------------------------------------

--
-- Table structure for table `properties`
--

DROP TABLE IF EXISTS `properties`;
CREATE TABLE IF NOT EXISTS `properties` (
  `id` int(11) NOT NULL AUTO_INCREMENT,
  `name` text NOT NULL,
  `nameAr` text,
  `description` text NOT NULL,
  `descriptionAr` text,
  `bedroomNo` int(11) NOT NULL,
  `bathroomNo` int(11) NOT NULL,
  `plotArea` varchar(255) NOT NULL,
  `price` float NOT NULL,
  `carParking` tinyint(1) NOT NULL,
  `furnished` tinyint(1) NOT NULL,
  `phone` decimal(10,0) NOT NULL,
  `email` varchar(255) NOT NULL,
  `address` text NOT NULL,
  `addressAr` text,
  `lat` float NOT NULL,
  `lng` float NOT NULL,
  `featured` tinyint(1) NOT NULL,
  `createdAt` datetime NOT NULL,
  `updatedAt` datetime DEFAULT NULL,
  `propertyTypeId` int(11) DEFAULT NULL,
  `propertyPurposeId` int(11) DEFAULT NULL,
  `propertyLocationId` int(11) DEFAULT NULL,
  `propertyLookingForId` int(11) DEFAULT NULL,
  PRIMARY KEY (`id`),
  KEY `propertyTypeId` (`propertyTypeId`),
  KEY `propertyPurposeId` (`propertyPurposeId`),
  KEY `propertyLocationId` (`propertyLocationId`),
  KEY `propertyLookingForId` (`propertyLookingForId`)
) ENGINE=InnoDB AUTO_INCREMENT=10 DEFAULT CHARSET=utf8;

--
-- Dumping data for table `properties`
--

INSERT INTO `properties` (`id`, `name`, `nameAr`, `description`, `descriptionAr`, `bedroomNo`, `bathroomNo`, `plotArea`, `price`, `carParking`, `furnished`, `phone`, `email`, `address`, `addressAr`, `lat`, `lng`, `featured`, `createdAt`, `updatedAt`, `propertyTypeId`, `propertyPurposeId`, `propertyLocationId`, `propertyLookingForId`) VALUES
(1, 'Garaffa Complex @ Gulf English Medium School (Opposite to Sheikh Faisal Compound)', 'مجمع الغرافة في مدرسة الخليج الإنجليزية المتوسطة (مقابل مجمع الشيخ فيصل)', '• 3 Bedroom \n• 3Bathroom \n• Hall \n• Kitchen', '• 3 غرف نوم\n• 3 حمام\n• صالة\n• المطبخ', 3, 3, '1000', 8000, 1, 0, '55629395', 'customerservice@lavillahospitality.com', 'Building No # 19, \nStreet No # 609, \nZone # 51', 'مبنى رقم 19 ،\nشارع رقم 609 ،\nالمنطقة رقم 51', 25.2227, 51.221, 1, '2020-02-10 10:01:38', '2020-06-09 22:41:46', 1, 1, 7, 1),
(2, 'La Villa Building No 1204', 'لا فيلا مبنى رقم 1204', '•2/3 Bedrooms \n• 3 Bathrooms \n• Spacious hall \n• Closed Kitchen', '• 2/3 غرف نوم\n• 3 حمامات\n• قاعة فسيحة\n• مطبخ مغلق', 3, 2, '170', 6500, 1, 0, '55629395', 'customerservice@lavillahospitality.com', 'Building No # 50 , \nStreet No # 819 , \nZone # 39', 'مبنى رقم 50 ،\nشارع رقم 819 ،\nالمنطقة رقم 39', 25.2091, 50.9526, 1, '2020-02-10 10:11:19', '2020-06-09 22:42:27', 1, 1, 2, 1),
(3, 'La Villa Building No 1208', 'لا فيلا مبنى رقم 1208', '• 3/2Bedroom \n• 2.5Bathroom \n• Hall \n• Kitchen', '• 3 / 2Bedroom\n• 2.5 حمام\n• صالة\n• المطبخ', 3, 2, '173', 6000, 1, 1, '55629395', 'customerservice@lavillahospitality.com', 'Building No # 6, \nStreet No # 833 , \nZone # 39', 'مبنى رقم 6\nشارع رقم 833 ،\nالمنطقة رقم 39', 25.2091, 50.9526, 1, '2020-02-10 10:15:39', '2020-06-09 22:44:23', 1, 1, 3, 1),
(5, 'La Villa Building No : 1203', 'لا فيلا مبنى رقم: 1203', '• 2 /3 Bedrooms \n• 1.5 Bathrooms \n• spacious hall \n• Closed Kitchen\n', '• 2/3 غرف نوم\n• 1.5 حمامات\n• قاعة فسيحة\n• مطبخ مغلق', 3, 1, '110', 5497, 1, 0, '74486210', 'customerservice@lavillahospitality.com', 'Building No # 2 , \nStreet No # 840 , \nZone # 23', 'مبنى رقم 2\nشارع رقم 840 ،\nالمنطقة رقم 23', 25.2091, 50.9526, 0, '2020-02-10 10:21:05', '2020-06-09 22:37:49', 1, 1, 1, 1),
(6, 'La Villa Building No: 1206', 'لا فيلا مبنى رقم: 1206', '• 2 Bedroom \n• 1.5 Bathroom\n • Hall \n• Kitchen', '• 2 غرفة نوم\n• 1.5 حمام\n • صالة\n• المطبخ', 2, 2, '120', 4200, 1, 1, '55629395', 'customerservice@lavillahospitality.com', 'Building No # 52, \nStreet No # 840, \nZone # 23', 'مبنى رقم 52\nشارع رقم 840 ،\nالمنطقة رقم 23', 25.2091, 50.9526, 0, '2020-02-10 10:23:26', '2020-06-09 22:38:14', 1, 1, 1, 1),
(7, 'La Villa Building No: 1207', 'لا فيلا مبنى رقم: 1207', '• 1 Bedroom \n• 1.5 Bathroom\n • Hall\n • Kitchen\n', '• 1 غرفة نوم\n• 1.5 حمام\n • صالة\n • المطبخ', 1, 2, '100', 4200, 1, 1, '55629395', 'customerservice@lavillahospitality.com', 'Building No # 61, \nStreet No # 870, \nZone # 14', 'مبنى رقم 61\nشارع رقم 870 ،\nالمنطقة رقم 14', 25.2091, 50.9526, 0, '2020-02-10 10:25:59', '2020-06-09 22:38:36', 1, 1, 6, 1),
(8, 'La Villa Building No: 1213/1214/1215', 'لا فيلا مبنى رقم: 1213/1214/1215', '• 1 Bedroom \n• 1 Bathroom \n• Hall \n• Kitchen', '• 1 غرفة نوم\n• 1 حمام\n• صالة\n• المطبخ', 3, 2, '80', 4200, 1, 1, '55629395', 'customerservice@lavillahospitality.com', 'UMM GHUWAILINA \n(Near Health Center/ HSBC/ IBQ/Jaidha Square/Ummoghlina Metro / Doha Jadeed Metro)\n', 'أم غويلينه\n(بالقرب من المركز الصحي / HSBC / IBQ / ميدان جيده / مترو أمغلينا / مترو الدوحة الجديد)', 25.2091, 50.9526, 1, '2020-02-10 10:28:45', '2020-06-09 22:41:50', 1, 1, 4, 1),
(9, 'La Villa Building No: 1217', 'لا فيلا مبنى رقم: 1217', '• 2 Bedrooms \n• 1 Bathrooms \n• spacious hall \n• Closed Kitchen', '• 2 غرف نوم\n• 1 حمامات\n• قاعة فسيحة\n• مطبخ مغلق', 2, 1, '120', 5000, 1, 1, '55629395', 'customerservice@lavillahospitality.com', 'Building No # 22, \nStreet No # 865,\n Zone # 22', 'مبنى رقم 22\nشارع رقم 865 ،\n المنطقة رقم 22', 25.2091, 50.9526, 0, '2020-02-10 10:32:23', '2020-06-09 22:41:21', 1, 1, 5, 1);

-- --------------------------------------------------------

--
-- Table structure for table `property_amenities`
--

DROP TABLE IF EXISTS `property_amenities`;
CREATE TABLE IF NOT EXISTS `property_amenities` (
  `id` int(11) NOT NULL AUTO_INCREMENT,
  `createdAt` datetime NOT NULL,
  `updatedAt` datetime DEFAULT NULL,
  `propertyId` int(11) DEFAULT NULL,
  `amenityId` int(11) DEFAULT NULL,
  PRIMARY KEY (`id`),
  UNIQUE KEY `property_amenities_propertyId_amenityId_unique` (`propertyId`,`amenityId`),
  KEY `amenityId` (`amenityId`)
) ENGINE=InnoDB AUTO_INCREMENT=182 DEFAULT CHARSET=utf8;

--
-- Dumping data for table `property_amenities`
--

INSERT INTO `property_amenities` (`id`, `createdAt`, `updatedAt`, `propertyId`, `amenityId`) VALUES
(111, '2020-06-09 22:33:59', '2020-06-09 22:33:59', 1, 24),
(112, '2020-06-09 22:33:59', '2020-06-09 22:33:59', 1, 25),
(113, '2020-06-09 22:33:59', '2020-06-09 22:33:59', 1, 26),
(114, '2020-06-09 22:33:59', '2020-06-09 22:33:59', 1, 28),
(115, '2020-06-09 22:33:59', '2020-06-09 22:33:59', 1, 36),
(116, '2020-06-09 22:33:59', '2020-06-09 22:33:59', 1, 37),
(117, '2020-06-09 22:33:59', '2020-06-09 22:33:59', 1, 38),
(118, '2020-06-09 22:33:59', '2020-06-09 22:33:59', 1, 40),
(119, '2020-06-09 22:33:59', '2020-06-09 22:33:59', 1, 42),
(132, '2020-06-09 22:37:26', '2020-06-09 22:37:26', 3, 24),
(133, '2020-06-09 22:37:26', '2020-06-09 22:37:26', 3, 25),
(134, '2020-06-09 22:37:26', '2020-06-09 22:37:26', 3, 26),
(135, '2020-06-09 22:37:26', '2020-06-09 22:37:26', 3, 31),
(136, '2020-06-09 22:37:49', '2020-06-09 22:37:49', 5, 24),
(137, '2020-06-09 22:37:49', '2020-06-09 22:37:49', 5, 25),
(138, '2020-06-09 22:37:49', '2020-06-09 22:37:49', 5, 26),
(139, '2020-06-09 22:37:49', '2020-06-09 22:37:49', 5, 28),
(140, '2020-06-09 22:38:14', '2020-06-09 22:38:14', 6, 24),
(141, '2020-06-09 22:38:14', '2020-06-09 22:38:14', 6, 26),
(142, '2020-06-09 22:38:14', '2020-06-09 22:38:14', 6, 28),
(143, '2020-06-09 22:38:14', '2020-06-09 22:38:14', 6, 30),
(144, '2020-06-09 22:38:14', '2020-06-09 22:38:14', 6, 31),
(145, '2020-06-09 22:38:36', '2020-06-09 22:38:36', 7, 24),
(146, '2020-06-09 22:38:36', '2020-06-09 22:38:36', 7, 25),
(147, '2020-06-09 22:38:36', '2020-06-09 22:38:36', 7, 26),
(148, '2020-06-09 22:38:36', '2020-06-09 22:38:36', 7, 28),
(149, '2020-06-09 22:38:36', '2020-06-09 22:38:36', 7, 29),
(150, '2020-06-09 22:38:36', '2020-06-09 22:38:36', 7, 30),
(151, '2020-06-09 22:38:36', '2020-06-09 22:38:36', 7, 31),
(161, '2020-06-09 22:40:32', '2020-06-09 22:40:32', 8, 24),
(162, '2020-06-09 22:40:32', '2020-06-09 22:40:32', 8, 25),
(163, '2020-06-09 22:40:32', '2020-06-09 22:40:32', 8, 26),
(164, '2020-06-09 22:40:32', '2020-06-09 22:40:32', 8, 28),
(165, '2020-06-09 22:40:32', '2020-06-09 22:40:32', 8, 29),
(166, '2020-06-09 22:40:32', '2020-06-09 22:40:32', 8, 30),
(167, '2020-06-09 22:40:32', '2020-06-09 22:40:32', 8, 31),
(168, '2020-06-09 22:40:32', '2020-06-09 22:40:32', 8, 36),
(169, '2020-06-09 22:40:32', '2020-06-09 22:40:32', 8, 37),
(170, '2020-06-09 22:41:21', '2020-06-09 22:41:21', 9, 24),
(171, '2020-06-09 22:41:21', '2020-06-09 22:41:21', 9, 25),
(172, '2020-06-09 22:41:21', '2020-06-09 22:41:21', 9, 26),
(173, '2020-06-09 22:41:21', '2020-06-09 22:41:21', 9, 29),
(174, '2020-06-09 22:41:21', '2020-06-09 22:41:21', 9, 30),
(175, '2020-06-09 22:41:21', '2020-06-09 22:41:21', 9, 31),
(176, '2020-06-09 22:42:22', '2020-06-09 22:42:22', 2, 24),
(177, '2020-06-09 22:42:22', '2020-06-09 22:42:22', 2, 25),
(178, '2020-06-09 22:42:22', '2020-06-09 22:42:22', 2, 26),
(179, '2020-06-09 22:42:22', '2020-06-09 22:42:22', 2, 29),
(180, '2020-06-09 22:42:22', '2020-06-09 22:42:22', 2, 31),
(181, '2020-06-09 22:42:22', '2020-06-09 22:42:22', 2, 34);

-- --------------------------------------------------------

--
-- Table structure for table `property_images`
--

DROP TABLE IF EXISTS `property_images`;
CREATE TABLE IF NOT EXISTS `property_images` (
  `id` int(11) NOT NULL AUTO_INCREMENT,
  `path` text NOT NULL,
  `createdAt` datetime NOT NULL,
  `updatedAt` datetime DEFAULT NULL,
  `propertyId` int(11) DEFAULT NULL,
  PRIMARY KEY (`id`),
  KEY `propertyId` (`propertyId`)
) ENGINE=InnoDB AUTO_INCREMENT=55 DEFAULT CHARSET=utf8;

--
-- Dumping data for table `property_images`
--

INSERT INTO `property_images` (`id`, `path`, `createdAt`, `updatedAt`, `propertyId`) VALUES
(1, 'uploads/property/propertyImages_1581328898778_Garaffa Complex 1.jpg', '2020-02-10 10:01:38', '2020-02-10 10:01:38', 1),
(2, 'uploads/property/propertyImages_1581329479388_La Villa Building No 1204 1.jpg', '2020-02-10 10:11:19', '2020-02-10 10:11:19', 2),
(4, 'uploads/property/propertyImages_1581329739057_La Villa Building No 1208.jpg', '2020-02-10 10:15:39', '2020-02-10 10:15:39', 3),
(6, 'uploads/property/propertyImages_1581330064985_La Villa Building No-1203 1.jpg', '2020-02-10 10:21:05', '2020-02-10 10:21:05', 5),
(8, 'uploads/property/propertyImages_1581330206808_La Villa Building No-1206.jpg', '2020-02-10 10:23:26', '2020-02-10 10:23:26', 6),
(9, 'uploads/property/propertyImages_1581330359469_La Villa Building No-1207.jpg', '2020-02-10 10:25:59', '2020-02-10 10:25:59', 7),
(12, 'uploads/property/propertyImages_1591742027801_5.JPG', '2020-06-09 22:33:59', '2020-06-09 22:33:59', NULL),
(13, 'uploads/property/propertyImages_1591742029493_8.JPG', '2020-06-09 22:33:59', '2020-06-09 22:33:59', NULL),
(14, 'uploads/property/propertyImages_1591742030104_10.JPG', '2020-06-09 22:33:59', '2020-06-09 22:33:59', NULL),
(15, 'uploads/property/propertyImages_1591742031179_13.JPG', '2020-06-09 22:33:59', '2020-06-09 22:33:59', NULL),
(16, 'uploads/property/propertyImages_1591742032449_14.JPG', '2020-06-09 22:33:59', '2020-06-09 22:33:59', NULL),
(17, 'uploads/property/propertyImages_1591742033809_15.JPG', '2020-06-09 22:33:59', '2020-06-09 22:33:59', NULL),
(18, 'uploads/property/propertyImages_1591742036776_20.JPG', '2020-06-09 22:33:59', '2020-06-09 22:33:59', NULL),
(19, 'uploads/property/propertyImages_1591742037375_24.JPG', '2020-06-09 22:33:59', '2020-06-09 22:33:59', NULL),
(20, 'uploads/property/propertyImages_1591742038153_29.JPG', '2020-06-09 22:33:59', '2020-06-09 22:33:59', NULL),
(21, 'uploads/property/propertyImages_1591742077962_2.jpg', '2020-06-09 22:34:40', '2020-06-09 22:34:40', NULL),
(22, 'uploads/property/propertyImages_1591742078715_3.jpg', '2020-06-09 22:34:40', '2020-06-09 22:34:40', NULL),
(23, 'uploads/property/propertyImages_1591742078981_4.jpg', '2020-06-09 22:34:40', '2020-06-09 22:34:40', NULL),
(24, 'uploads/property/propertyImages_1591742079172_5.jpg', '2020-06-09 22:34:40', '2020-06-09 22:34:40', NULL),
(25, 'uploads/property/propertyImages_1591742079351_9.jpg', '2020-06-09 22:34:40', '2020-06-09 22:34:40', NULL),
(26, 'uploads/property/propertyImages_1591742079520_13.jpg', '2020-06-09 22:34:40', '2020-06-09 22:34:40', NULL),
(27, 'uploads/property/propertyImages_1591742207631_3.jpg', '2020-06-09 22:36:49', '2020-06-09 22:36:49', NULL),
(28, 'uploads/property/propertyImages_1591742208411_4.jpg', '2020-06-09 22:36:49', '2020-06-09 22:36:49', NULL),
(29, 'uploads/property/propertyImages_1591742208745_7.jpg', '2020-06-09 22:36:49', '2020-06-09 22:36:49', NULL),
(30, 'uploads/property/propertyImages_1591742208975_8.jpg', '2020-06-09 22:36:49', '2020-06-09 22:36:49', NULL),
(31, 'uploads/property/propertyImages_1591742209174_9.jpg', '2020-06-09 22:36:49', '2020-06-09 22:36:49', NULL),
(32, 'uploads/property/propertyImages_1591742209364_13.jpg', '2020-06-09 22:36:49', '2020-06-09 22:36:49', NULL),
(33, 'uploads/property/propertyImages_1591742245503_1208-1.jpg', '2020-06-09 22:37:27', '2020-06-09 22:37:27', NULL),
(34, 'uploads/property/propertyImages_1591742245768_1208-2.jpg', '2020-06-09 22:37:27', '2020-06-09 22:37:27', NULL),
(35, 'uploads/property/propertyImages_1591742246215_1208-3.jpg', '2020-06-09 22:37:27', '2020-06-09 22:37:27', NULL),
(36, 'uploads/property/propertyImages_1591742246495_1208-4.jpg', '2020-06-09 22:37:27', '2020-06-09 22:37:27', NULL),
(37, 'uploads/property/propertyImages_1591742382487__DSC0237.JPG', '2020-06-09 22:39:47', '2020-06-09 22:39:47', NULL),
(38, 'uploads/property/propertyImages_1591742383663__DSC0241.JPG', '2020-06-09 22:39:47', '2020-06-09 22:39:47', NULL),
(39, 'uploads/property/propertyImages_1591742384065__DSC0247.JPG', '2020-06-09 22:39:47', '2020-06-09 22:39:47', NULL),
(40, 'uploads/property/propertyImages_1591742384691_3.JPG', '2020-06-09 22:39:47', '2020-06-09 22:39:47', NULL),
(41, 'uploads/property/propertyImages_1591742385574_6.JPG', '2020-06-09 22:39:47', '2020-06-09 22:39:47', NULL),
(42, 'uploads/property/propertyImages_1591742386342_9.JPG', '2020-06-09 22:39:47', '2020-06-09 22:39:47', NULL),
(43, 'uploads/property/propertyImages_1591742387173_WhatsApp-Image-20160518 (10).jpg', '2020-06-09 22:39:47', '2020-06-09 22:39:47', NULL),
(44, 'uploads/property/propertyImages_1591742427249__DSC0237.JPG', '2020-06-09 22:40:32', '2020-06-09 22:40:32', NULL),
(45, 'uploads/property/propertyImages_1591742428477__DSC0247.JPG', '2020-06-09 22:40:32', '2020-06-09 22:40:32', NULL),
(46, 'uploads/property/propertyImages_1591742429091__DSC0248.JPG', '2020-06-09 22:40:32', '2020-06-09 22:40:32', NULL),
(47, 'uploads/property/propertyImages_1591742429717__DSC0251.JPG', '2020-06-09 22:40:32', '2020-06-09 22:40:32', NULL),
(48, 'uploads/property/propertyImages_1591742429983_4.JPG', '2020-06-09 22:40:32', '2020-06-09 22:40:32', NULL),
(49, 'uploads/property/propertyImages_1591742430597_5.JPG', '2020-06-09 22:40:32', '2020-06-09 22:40:32', NULL),
(50, 'uploads/property/propertyImages_1591742431236_9.JPG', '2020-06-09 22:40:32', '2020-06-09 22:40:32', NULL),
(51, 'uploads/property/propertyImages_1591742431740_WhatsApp-Image-20160518 (10).jpg', '2020-06-09 22:40:32', '2020-06-09 22:40:32', NULL),
(52, 'uploads/property/propertyImages_1591742480913_1.jpg', '2020-06-09 22:41:21', '2020-06-09 22:41:21', NULL),
(53, 'uploads/property/propertyImages_1591742481073_2.jpg', '2020-06-09 22:41:21', '2020-06-09 22:41:21', NULL),
(54, 'uploads/property/propertyImages_1591742481295_3.jpg', '2020-06-09 22:41:21', '2020-06-09 22:41:21', NULL);

-- --------------------------------------------------------

--
-- Table structure for table `property_locations`
--

DROP TABLE IF EXISTS `property_locations`;
CREATE TABLE IF NOT EXISTS `property_locations` (
  `id` int(11) NOT NULL AUTO_INCREMENT,
  `name` text NOT NULL,
  `nameAr` text,
  `createdAt` datetime NOT NULL,
  `updatedAt` datetime DEFAULT NULL,
  PRIMARY KEY (`id`)
) ENGINE=InnoDB AUTO_INCREMENT=8 DEFAULT CHARSET=utf8;

--
-- Dumping data for table `property_locations`
--

INSERT INTO `property_locations` (`id`, `name`, `nameAr`, `createdAt`, `updatedAt`) VALUES
(1, 'Bin Mahmoud', 'بن محمود', '2020-02-07 10:28:17', '2020-02-07 10:28:17'),
(2, 'Al Nasser', 'الناصر', '2020-02-07 10:28:17', '2020-02-07 10:28:17'),
(3, 'Al Sadd', 'السد', '2020-02-07 10:28:17', '2020-02-07 10:28:17'),
(4, 'Umm Ghuwailina', 'ام غويلينه', '2020-02-07 10:28:17', '2020-02-07 10:28:17'),
(5, 'Al Meera', 'الميرة', '2020-02-07 10:28:17', '2020-02-07 10:28:17'),
(6, 'Fareez Abdul Aziz', 'فريز عبد العزيز', '2020-02-07 10:28:17', '2020-02-07 10:28:17'),
(7, 'Garaffa', 'جرؤأ', '2020-02-07 10:28:17', '2020-02-07 10:28:17');

-- --------------------------------------------------------

--
-- Table structure for table `property_looking_fors`
--

DROP TABLE IF EXISTS `property_looking_fors`;
CREATE TABLE IF NOT EXISTS `property_looking_fors` (
  `id` int(11) NOT NULL AUTO_INCREMENT,
  `name` text NOT NULL,
  `nameAr` text,
  `createdAt` datetime NOT NULL,
  `updatedAt` datetime DEFAULT NULL,
  PRIMARY KEY (`id`)
) ENGINE=InnoDB AUTO_INCREMENT=2 DEFAULT CHARSET=utf8;

--
-- Dumping data for table `property_looking_fors`
--

INSERT INTO `property_looking_fors` (`id`, `name`, `nameAr`, `createdAt`, `updatedAt`) VALUES
(1, 'Residential', 'سكني', '2020-02-07 10:28:17', '2020-02-07 10:28:17');

-- --------------------------------------------------------

--
-- Table structure for table `property_purposes`
--

DROP TABLE IF EXISTS `property_purposes`;
CREATE TABLE IF NOT EXISTS `property_purposes` (
  `id` int(11) NOT NULL AUTO_INCREMENT,
  `name` text NOT NULL,
  `nameAr` text,
  `createdAt` datetime NOT NULL,
  `updatedAt` datetime DEFAULT NULL,
  PRIMARY KEY (`id`)
) ENGINE=InnoDB AUTO_INCREMENT=2 DEFAULT CHARSET=utf8;

--
-- Dumping data for table `property_purposes`
--

INSERT INTO `property_purposes` (`id`, `name`, `nameAr`, `createdAt`, `updatedAt`) VALUES
(1, 'Rent', 'تأجير', '2020-02-07 10:28:17', '2020-02-07 10:28:17');

-- --------------------------------------------------------

--
-- Table structure for table `property_types`
--

DROP TABLE IF EXISTS `property_types`;
CREATE TABLE IF NOT EXISTS `property_types` (
  `id` int(11) NOT NULL AUTO_INCREMENT,
  `name` text NOT NULL,
  `nameAr` text,
  `createdAt` datetime NOT NULL,
  `updatedAt` datetime DEFAULT NULL,
  PRIMARY KEY (`id`)
) ENGINE=InnoDB AUTO_INCREMENT=2 DEFAULT CHARSET=utf8;

--
-- Dumping data for table `property_types`
--

INSERT INTO `property_types` (`id`, `name`, `nameAr`, `createdAt`, `updatedAt`) VALUES
(1, 'Apartment', 'شقة', '2020-02-07 10:28:17', '2020-02-07 10:28:17');

-- --------------------------------------------------------

--
-- Table structure for table `related_rooms`
--

DROP TABLE IF EXISTS `related_rooms`;
CREATE TABLE IF NOT EXISTS `related_rooms` (
  `id` int(11) NOT NULL AUTO_INCREMENT,
  `relatedItemId` int(11) NOT NULL,
  `createdAt` datetime NOT NULL,
  `updatedAt` datetime DEFAULT NULL,
  `roomId` int(11) DEFAULT NULL,
  PRIMARY KEY (`id`),
  KEY `roomId` (`roomId`)
) ENGINE=InnoDB DEFAULT CHARSET=utf8;

-- --------------------------------------------------------

--
-- Table structure for table `rooms`
--

DROP TABLE IF EXISTS `rooms`;
CREATE TABLE IF NOT EXISTS `rooms` (
  `id` int(11) NOT NULL AUTO_INCREMENT,
  `description` text NOT NULL,
  `descriptionAr` text,
  `adultCount` int(11) NOT NULL,
  `childCount` int(11) NOT NULL,
  `BBAOnePercent` int(11) NOT NULL,
  `BBATwoPercent` int(11) NOT NULL,
  `ROATwoPercent` int(11) NOT NULL,
  `count` int(11) NOT NULL,
  `featured` tinyint(1) DEFAULT '0',
  `createdAt` datetime NOT NULL,
  `updatedAt` datetime DEFAULT NULL,
  `branchId` int(11) DEFAULT NULL,
  `roomCategoryId` int(11) DEFAULT NULL,
  `bedTypeId` int(11) DEFAULT NULL,
  PRIMARY KEY (`id`),
  KEY `branchId` (`branchId`),
  KEY `roomCategoryId` (`roomCategoryId`),
  KEY `bedTypeId` (`bedTypeId`)
) ENGINE=InnoDB DEFAULT CHARSET=utf8;

-- --------------------------------------------------------

--
-- Table structure for table `room_amenities`
--

DROP TABLE IF EXISTS `room_amenities`;
CREATE TABLE IF NOT EXISTS `room_amenities` (
  `id` int(11) NOT NULL AUTO_INCREMENT,
  `createdAt` datetime NOT NULL,
  `updatedAt` datetime DEFAULT NULL,
  `roomId` int(11) DEFAULT NULL,
  `amenityId` int(11) DEFAULT NULL,
  PRIMARY KEY (`id`),
  UNIQUE KEY `room_amenities_roomId_amenityId_unique` (`roomId`,`amenityId`),
  KEY `amenityId` (`amenityId`)
) ENGINE=InnoDB DEFAULT CHARSET=utf8;

-- --------------------------------------------------------

--
-- Table structure for table `room_categories`
--

DROP TABLE IF EXISTS `room_categories`;
CREATE TABLE IF NOT EXISTS `room_categories` (
  `id` int(11) NOT NULL AUTO_INCREMENT,
  `name` text NOT NULL,
  `nameAr` text,
  `featured` tinyint(1) NOT NULL,
  `createdAt` datetime NOT NULL,
  `updatedAt` datetime DEFAULT NULL,
  PRIMARY KEY (`id`)
) ENGINE=InnoDB AUTO_INCREMENT=12 DEFAULT CHARSET=utf8;

--
-- Dumping data for table `room_categories`
--

INSERT INTO `room_categories` (`id`, `name`, `nameAr`, `featured`, `createdAt`, `updatedAt`) VALUES
(1, 'Deluxe Room', 'غرفة ديلوكس', 1, '2020-02-08 07:11:34', '2020-06-09 19:40:08'),
(2, 'Family Room', 'غرفة العائلة', 1, '2020-02-08 07:11:47', '2020-06-09 21:07:50'),
(5, 'Standard - SGL', 'قياسي - SGL', 1, '2020-02-08 07:12:34', '2020-06-09 21:08:00'),
(6, 'Standard - Twin', 'قياسية توأم', 1, '2020-02-08 07:12:47', '2020-06-09 21:08:06'),
(7, 'Superior Room', 'الغرفة العلوية', 1, '2020-02-08 07:13:00', '2020-02-08 07:13:00'),
(8, 'Family Sweet Room ', 'غرفة سويت عائلية', 1, '2020-06-09 20:36:06', '2020-06-09 20:37:15'),
(9, 'Standard king', 'ملك قياسي', 1, '2020-06-09 20:51:50', '2020-06-09 20:51:50'),
(10, 'Grand room', 'الغرفة الكبرى', 1, '2020-06-09 21:07:33', '2020-06-09 21:07:33'),
(11, 'Primer Room', 'غرفة التمهيدي', 1, '2020-06-09 21:57:51', '2020-06-09 21:57:51');

-- --------------------------------------------------------

--
-- Table structure for table `room_dates`
--

DROP TABLE IF EXISTS `room_dates`;
CREATE TABLE IF NOT EXISTS `room_dates` (
  `id` int(11) NOT NULL AUTO_INCREMENT,
  `date` date NOT NULL,
  `BBAOne` float NOT NULL,
  `BBATwo` float NOT NULL,
  `ROAOne` float NOT NULL,
  `ROATwo` float NOT NULL,
  `bookedCount` int(11) NOT NULL,
  `createdAt` datetime NOT NULL,
  `updatedAt` datetime DEFAULT NULL,
  `roomId` int(11) DEFAULT NULL,
  PRIMARY KEY (`id`),
  KEY `roomId` (`roomId`)
) ENGINE=InnoDB DEFAULT CHARSET=utf8;

-- --------------------------------------------------------

--
-- Table structure for table `room_images`
--

DROP TABLE IF EXISTS `room_images`;
CREATE TABLE IF NOT EXISTS `room_images` (
  `id` int(11) NOT NULL AUTO_INCREMENT,
  `path` text NOT NULL,
  `createdAt` datetime NOT NULL,
  `updatedAt` datetime DEFAULT NULL,
  `roomId` int(11) DEFAULT NULL,
  PRIMARY KEY (`id`),
  KEY `roomId` (`roomId`)
) ENGINE=InnoDB DEFAULT CHARSET=utf8;

-- --------------------------------------------------------

--
-- Table structure for table `room_statuses`
--

DROP TABLE IF EXISTS `room_statuses`;
CREATE TABLE IF NOT EXISTS `room_statuses` (
  `id` int(11) NOT NULL AUTO_INCREMENT,
  `name` text NOT NULL,
  `nameAr` text,
  `createdAt` datetime NOT NULL,
  `updatedAt` datetime DEFAULT NULL,
  PRIMARY KEY (`id`)
) ENGINE=InnoDB AUTO_INCREMENT=3 DEFAULT CHARSET=utf8;

--
-- Dumping data for table `room_statuses`
--

INSERT INTO `room_statuses` (`id`, `name`, `nameAr`, `createdAt`, `updatedAt`) VALUES
(1, 'Available', 'متاح', '2020-02-07 10:28:17', '2020-02-07 10:28:17'),
(2, 'Reserved', 'محجوز', '2020-02-07 10:28:17', '2020-02-07 10:28:17');

-- --------------------------------------------------------

--
-- Table structure for table `users`
--

DROP TABLE IF EXISTS `users`;
CREATE TABLE IF NOT EXISTS `users` (
  `id` int(11) NOT NULL AUTO_INCREMENT,
  `fName` varchar(255) NOT NULL,
  `lName` varchar(255) NOT NULL,
  `phone` double(10,0) NOT NULL,
  `email` varchar(255) NOT NULL,
  `image` varchar(255) DEFAULT NULL,
  `password` varchar(255) NOT NULL,
  `availablePoint` int(11) DEFAULT '0',
  `permissionLevel` int(11) NOT NULL,
  `status` tinyint(1) NOT NULL,
  `otp` varchar(255) DEFAULT NULL,
  `createdAt` datetime NOT NULL,
  `updatedAt` datetime DEFAULT NULL,
  PRIMARY KEY (`id`),
  UNIQUE KEY `phone` (`phone`),
  UNIQUE KEY `email` (`email`)
) ENGINE=InnoDB AUTO_INCREMENT=198 DEFAULT CHARSET=utf8;

--
-- Dumping data for table `users`
--

INSERT INTO `users` (`id`, `fName`, `lName`, `phone`, `email`, `image`, `password`, `availablePoint`, `permissionLevel`, `status`, `otp`, `createdAt`, `updatedAt`) VALUES
(1, 'super admin', 'user', 12345671, 'super.admin@mail.com', 'uploads/profile/profileImage_1577267568079_user-white.png', 'UNLGCKnaVfd8QBkF9Rf7pQ==$ViboRkBoPkKc++t+n+zByKy1O4Vu3JlavHR6E6PtPVZyBSbK146EnFco3tT0gQysjaeQPfxcAElnPoRSLUKV4A==', 0, 2048, 1, NULL, '2019-12-25 09:52:48', '2019-12-25 09:52:48'),
(196, 'IT', 'Lavilla', 44351435, 'IT@lavillahospitality.com', NULL, '8NVch8mlF+LnkQ4ot65d+Q==$VTTAOuRJ0Z9pqpMTJ1XogaJVVlAfxyqjYvY9xGLeDZb7z2g8a+1g0xNXbLxc7Z7sJagMA3mF/qNtGtJJGcENjg==', 0, 2048, 1, NULL, '2020-06-08 14:06:31', '2020-06-08 14:06:31'),
(197, 'Test', 'Last', 11111111, 'sooraj.aura@gmail.com', NULL, 'eh0fkyGGVpL+9pGjk8FA+A==$yzrqpBSFTgmfNlGo+AtCDJu+LS1OOJ7aTxaNcEh2sC3I3Kk8TvwSVsUzFWP2T0BmieQgkSmA0oocFap1C8PJVA==', 0, 1, 1, NULL, '2020-06-11 08:12:34', '2020-06-11 08:12:34');

-- --------------------------------------------------------

--
-- Table structure for table `user_loyalties`
--

DROP TABLE IF EXISTS `user_loyalties`;
CREATE TABLE IF NOT EXISTS `user_loyalties` (
  `id` int(11) NOT NULL AUTO_INCREMENT,
  `point` int(11) NOT NULL,
  `createdAt` datetime NOT NULL,
  `updatedAt` datetime DEFAULT NULL,
  `userId` int(11) DEFAULT NULL,
  `bookingId` int(11) DEFAULT NULL,
  PRIMARY KEY (`id`),
  KEY `userId` (`userId`),
  KEY `bookingId` (`bookingId`)
) ENGINE=InnoDB DEFAULT CHARSET=utf8;

-- --------------------------------------------------------

--
-- Table structure for table `user_promo_codes`
--

DROP TABLE IF EXISTS `user_promo_codes`;
CREATE TABLE IF NOT EXISTS `user_promo_codes` (
  `id` int(11) NOT NULL AUTO_INCREMENT,
  `createdAt` datetime NOT NULL,
  `updatedAt` datetime DEFAULT NULL,
  `promoCodeId` int(11) DEFAULT NULL,
  `userId` int(11) DEFAULT NULL,
  PRIMARY KEY (`id`),
  UNIQUE KEY `user_promo_codes_promoCodeId_userId_unique` (`promoCodeId`,`userId`),
  KEY `userId` (`userId`)
) ENGINE=InnoDB DEFAULT CHARSET=utf8;

--
-- Constraints for dumped tables
--

--
-- Constraints for table `addons`
--
ALTER TABLE `addons`
  ADD CONSTRAINT `addons_ibfk_1` FOREIGN KEY (`roomId`) REFERENCES `rooms` (`id`) ON DELETE SET NULL ON UPDATE CASCADE;

--
-- Constraints for table `amenities`
--
ALTER TABLE `amenities`
  ADD CONSTRAINT `amenities_ibfk_1` FOREIGN KEY (`amenitiesTypeId`) REFERENCES `amenities_types` (`id`) ON DELETE SET NULL ON UPDATE CASCADE,
  ADD CONSTRAINT `amenities_ibfk_2` FOREIGN KEY (`amenitiesIconId`) REFERENCES `amenities_icons` (`id`) ON DELETE SET NULL ON UPDATE CASCADE;

--
-- Constraints for table `bookings`
--
ALTER TABLE `bookings`
  ADD CONSTRAINT `bookings_ibfk_1` FOREIGN KEY (`bookingUserId`) REFERENCES `booking_users` (`id`) ON DELETE SET NULL ON UPDATE CASCADE,
  ADD CONSTRAINT `bookings_ibfk_2` FOREIGN KEY (`bookingStatusId`) REFERENCES `booking_statuses` (`id`) ON DELETE SET NULL ON UPDATE CASCADE,
  ADD CONSTRAINT `bookings_ibfk_3` FOREIGN KEY (`bookingLoyaltyId`) REFERENCES `booking_loyalties` (`id`) ON DELETE SET NULL ON UPDATE CASCADE,
  ADD CONSTRAINT `bookings_ibfk_4` FOREIGN KEY (`bookingPromoCodeId`) REFERENCES `booking_promo_codes` (`id`) ON DELETE SET NULL ON UPDATE CASCADE,
  ADD CONSTRAINT `bookings_ibfk_5` FOREIGN KEY (`bookingCardId`) REFERENCES `booking_cards` (`id`) ON DELETE SET NULL ON UPDATE CASCADE,
  ADD CONSTRAINT `bookings_ibfk_6` FOREIGN KEY (`branchId`) REFERENCES `branches` (`id`) ON DELETE SET NULL ON UPDATE CASCADE,
  ADD CONSTRAINT `bookings_ibfk_7` FOREIGN KEY (`userId`) REFERENCES `users` (`id`) ON DELETE SET NULL ON UPDATE CASCADE;

--
-- Constraints for table `booking_addons`
--
ALTER TABLE `booking_addons`
  ADD CONSTRAINT `booking_addons_ibfk_1` FOREIGN KEY (`addonId`) REFERENCES `addons` (`id`) ON DELETE SET NULL ON UPDATE CASCADE,
  ADD CONSTRAINT `booking_addons_ibfk_2` FOREIGN KEY (`bookingRoomId`) REFERENCES `booking_rooms` (`id`) ON DELETE SET NULL ON UPDATE CASCADE;

--
-- Constraints for table `booking_cancellations`
--
ALTER TABLE `booking_cancellations`
  ADD CONSTRAINT `booking_cancellations_ibfk_1` FOREIGN KEY (`bookingId`) REFERENCES `bookings` (`id`) ON DELETE SET NULL ON UPDATE CASCADE;

--
-- Constraints for table `booking_loyalties`
--
ALTER TABLE `booking_loyalties`
  ADD CONSTRAINT `booking_loyalties_ibfk_1` FOREIGN KEY (`bookingId`) REFERENCES `bookings` (`id`) ON DELETE SET NULL ON UPDATE CASCADE,
  ADD CONSTRAINT `booking_loyalties_ibfk_2` FOREIGN KEY (`loyaltyId`) REFERENCES `loyalties` (`id`) ON DELETE SET NULL ON UPDATE CASCADE,
  ADD CONSTRAINT `booking_loyalties_ibfk_3` FOREIGN KEY (`userId`) REFERENCES `users` (`id`) ON DELETE SET NULL ON UPDATE CASCADE;

--
-- Constraints for table `booking_offers`
--
ALTER TABLE `booking_offers`
  ADD CONSTRAINT `booking_offers_ibfk_1` FOREIGN KEY (`bookingRoomId`) REFERENCES `booking_rooms` (`id`) ON DELETE SET NULL ON UPDATE CASCADE;

--
-- Constraints for table `booking_rooms`
--
ALTER TABLE `booking_rooms`
  ADD CONSTRAINT `booking_rooms_ibfk_1` FOREIGN KEY (`bookingId`) REFERENCES `bookings` (`id`) ON DELETE SET NULL ON UPDATE CASCADE,
  ADD CONSTRAINT `booking_rooms_ibfk_2` FOREIGN KEY (`roomId`) REFERENCES `rooms` (`id`) ON DELETE SET NULL ON UPDATE CASCADE;

--
-- Constraints for table `booking_room_dates`
--
ALTER TABLE `booking_room_dates`
  ADD CONSTRAINT `booking_room_dates_ibfk_1` FOREIGN KEY (`roomDateId`) REFERENCES `room_dates` (`id`) ON DELETE SET NULL ON UPDATE CASCADE,
  ADD CONSTRAINT `booking_room_dates_ibfk_2` FOREIGN KEY (`roomId`) REFERENCES `rooms` (`id`) ON DELETE SET NULL ON UPDATE CASCADE,
  ADD CONSTRAINT `booking_room_dates_ibfk_3` FOREIGN KEY (`bookingId`) REFERENCES `bookings` (`id`) ON DELETE SET NULL ON UPDATE CASCADE;

--
-- Constraints for table `branches`
--
ALTER TABLE `branches`
  ADD CONSTRAINT `branches_ibfk_1` FOREIGN KEY (`userId`) REFERENCES `users` (`id`) ON DELETE SET NULL ON UPDATE CASCADE;

--
-- Constraints for table `branch_images`
--
ALTER TABLE `branch_images`
  ADD CONSTRAINT `branch_images_ibfk_1` FOREIGN KEY (`branchId`) REFERENCES `branches` (`id`) ON DELETE SET NULL ON UPDATE CASCADE;

--
-- Constraints for table `branch_nearest_categories`
--
ALTER TABLE `branch_nearest_categories`
  ADD CONSTRAINT `branch_nearest_categories_ibfk_1` FOREIGN KEY (`branchId`) REFERENCES `branches` (`id`) ON DELETE SET NULL ON UPDATE CASCADE;

--
-- Constraints for table `branch_nearest_items`
--
ALTER TABLE `branch_nearest_items`
  ADD CONSTRAINT `branch_nearest_items_ibfk_1` FOREIGN KEY (`branchNearestCategoryId`) REFERENCES `branch_nearest_categories` (`id`) ON DELETE SET NULL ON UPDATE CASCADE;

--
-- Constraints for table `branch_ratings`
--
ALTER TABLE `branch_ratings`
  ADD CONSTRAINT `branch_ratings_ibfk_1` FOREIGN KEY (`userId`) REFERENCES `users` (`id`) ON DELETE SET NULL ON UPDATE CASCADE,
  ADD CONSTRAINT `branch_ratings_ibfk_2` FOREIGN KEY (`branchId`) REFERENCES `branches` (`id`) ON DELETE SET NULL ON UPDATE CASCADE,
  ADD CONSTRAINT `branch_ratings_ibfk_3` FOREIGN KEY (`bookingId`) REFERENCES `bookings` (`id`) ON DELETE SET NULL ON UPDATE CASCADE;

--
-- Constraints for table `offers`
--
ALTER TABLE `offers`
  ADD CONSTRAINT `offers_ibfk_1` FOREIGN KEY (`roomId`) REFERENCES `rooms` (`id`) ON DELETE SET NULL ON UPDATE CASCADE;

--
-- Constraints for table `promo_codes`
--
ALTER TABLE `promo_codes`
  ADD CONSTRAINT `promo_codes_ibfk_1` FOREIGN KEY (`branchId`) REFERENCES `branches` (`id`) ON DELETE SET NULL ON UPDATE CASCADE;

--
-- Constraints for table `properties`
--
ALTER TABLE `properties`
  ADD CONSTRAINT `properties_ibfk_1` FOREIGN KEY (`propertyTypeId`) REFERENCES `property_types` (`id`) ON DELETE SET NULL ON UPDATE CASCADE,
  ADD CONSTRAINT `properties_ibfk_2` FOREIGN KEY (`propertyPurposeId`) REFERENCES `property_purposes` (`id`) ON DELETE SET NULL ON UPDATE CASCADE,
  ADD CONSTRAINT `properties_ibfk_3` FOREIGN KEY (`propertyLocationId`) REFERENCES `property_locations` (`id`) ON DELETE SET NULL ON UPDATE CASCADE,
  ADD CONSTRAINT `properties_ibfk_4` FOREIGN KEY (`propertyLookingForId`) REFERENCES `property_looking_fors` (`id`) ON DELETE SET NULL ON UPDATE CASCADE;

--
-- Constraints for table `property_amenities`
--
ALTER TABLE `property_amenities`
  ADD CONSTRAINT `property_amenities_ibfk_1` FOREIGN KEY (`propertyId`) REFERENCES `properties` (`id`) ON DELETE CASCADE ON UPDATE CASCADE,
  ADD CONSTRAINT `property_amenities_ibfk_2` FOREIGN KEY (`amenityId`) REFERENCES `amenities` (`id`) ON DELETE CASCADE ON UPDATE CASCADE;

--
-- Constraints for table `property_images`
--
ALTER TABLE `property_images`
  ADD CONSTRAINT `property_images_ibfk_1` FOREIGN KEY (`propertyId`) REFERENCES `properties` (`id`) ON DELETE SET NULL ON UPDATE CASCADE;

--
-- Constraints for table `related_rooms`
--
ALTER TABLE `related_rooms`
  ADD CONSTRAINT `related_rooms_ibfk_1` FOREIGN KEY (`roomId`) REFERENCES `rooms` (`id`) ON DELETE SET NULL ON UPDATE CASCADE;

--
-- Constraints for table `rooms`
--
ALTER TABLE `rooms`
  ADD CONSTRAINT `rooms_ibfk_1` FOREIGN KEY (`branchId`) REFERENCES `branches` (`id`) ON DELETE SET NULL ON UPDATE CASCADE,
  ADD CONSTRAINT `rooms_ibfk_2` FOREIGN KEY (`roomCategoryId`) REFERENCES `room_categories` (`id`) ON DELETE SET NULL ON UPDATE CASCADE,
  ADD CONSTRAINT `rooms_ibfk_3` FOREIGN KEY (`bedTypeId`) REFERENCES `bed_types` (`id`) ON DELETE SET NULL ON UPDATE CASCADE;

--
-- Constraints for table `room_amenities`
--
ALTER TABLE `room_amenities`
  ADD CONSTRAINT `room_amenities_ibfk_1` FOREIGN KEY (`roomId`) REFERENCES `rooms` (`id`) ON DELETE CASCADE ON UPDATE CASCADE,
  ADD CONSTRAINT `room_amenities_ibfk_2` FOREIGN KEY (`amenityId`) REFERENCES `amenities` (`id`) ON DELETE CASCADE ON UPDATE CASCADE;

--
-- Constraints for table `room_dates`
--
ALTER TABLE `room_dates`
  ADD CONSTRAINT `room_dates_ibfk_1` FOREIGN KEY (`roomId`) REFERENCES `rooms` (`id`) ON DELETE SET NULL ON UPDATE CASCADE;

--
-- Constraints for table `room_images`
--
ALTER TABLE `room_images`
  ADD CONSTRAINT `room_images_ibfk_1` FOREIGN KEY (`roomId`) REFERENCES `rooms` (`id`) ON DELETE SET NULL ON UPDATE CASCADE;

--
-- Constraints for table `user_loyalties`
--
ALTER TABLE `user_loyalties`
  ADD CONSTRAINT `user_loyalties_ibfk_1` FOREIGN KEY (`userId`) REFERENCES `users` (`id`) ON DELETE SET NULL ON UPDATE CASCADE,
  ADD CONSTRAINT `user_loyalties_ibfk_2` FOREIGN KEY (`bookingId`) REFERENCES `bookings` (`id`) ON DELETE SET NULL ON UPDATE CASCADE;

--
-- Constraints for table `user_promo_codes`
--
ALTER TABLE `user_promo_codes`
  ADD CONSTRAINT `user_promo_codes_ibfk_1` FOREIGN KEY (`promoCodeId`) REFERENCES `promo_codes` (`id`) ON DELETE CASCADE ON UPDATE CASCADE,
  ADD CONSTRAINT `user_promo_codes_ibfk_2` FOREIGN KEY (`userId`) REFERENCES `users` (`id`) ON DELETE CASCADE ON UPDATE CASCADE;
COMMIT;

/*!40101 SET CHARACTER_SET_CLIENT=@OLD_CHARACTER_SET_CLIENT */;
/*!40101 SET CHARACTER_SET_RESULTS=@OLD_CHARACTER_SET_RESULTS */;
/*!40101 SET COLLATION_CONNECTION=@OLD_COLLATION_CONNECTION */;
